index,lang_samp
0,bg
1,bg
2,bg
3,bg
4,bg
5,bg
6,bg
7,bg
8,bg
9,bg
10,bg
11,bg
12,bg
13,bg
14,bg
15,bg
16,bg
17,bg
18,bg
19,bg
20,bg
21,bg
22,bg
23,bg
24,bg
25,bg
26,bg
27,bg
28,bg
29,bg
30,bg
31,bg
32,bg
33,bg
34,bg
35,bg
36,bg
37,bg
38,bg
39,bg
40,bg
41,bg
42,bg
43,bg
44,bg
45,bg
46,bg
47,bg
48,bg
49,bg
50,bg
51,bg
52,bg
53,bg
54,bg
55,bg
56,bg
57,bg
58,bg
59,bg
60,bg
61,bg
62,bg
63,bg
64,bg
65,bg
66,bg
67,bg
68,bg
69,bg
70,bg
71,bg
72,bg
73,bg
74,bg
75,bg
76,bg
77,bg
78,bg
79,bg
80,bg
81,bg
82,bg
83,bg
84,bg
85,bg
86,bg
87,bg
88,bg
89,bg
90,bg
91,bg
92,bg
93,bg
94,bg
95,bg
96,bg
97,bg
98,bg
99,bg
100,bg
101,bg
102,bg
103,bg
104,bg
105,bg
106,bg
107,bg
108,bg
109,bg
110,bg
111,bg
112,bg
113,bg
114,bg
115,bg
116,bg
117,bg
118,bg
119,bg
120,bg
121,bg
122,bg
123,bg
124,bg
125,bg
126,bg
127,bg
128,bg
129,bg
130,bg
131,bg
132,bg
133,bg
134,bg
135,bg
136,bg
137,bg
138,bg
139,bg
140,bg
141,bg
142,bg
143,bg
144,bg
145,bg
146,bg
147,bg
148,bg
149,bg
150,bg
151,bg
152,bg
153,bg
154,bg
155,bg
156,bg
157,bg
158,bg
159,bg
160,bg
161,bg
162,bg
163,bg
164,bg
165,bg
166,bg
167,bg
168,bg
169,bg
170,bg
171,bg
172,bg
173,bg
174,bg
175,bg
176,bg
177,bg
178,bg
179,bg
180,bg
181,bg
182,bg
183,bg
184,bg
185,bg
186,bg
187,bg
188,bg
189,bg
190,bg
191,bg
192,bg
193,bg
194,bg
195,bg
196,bg
197,bg
198,bg
199,bg
200,bg
201,bg
202,bg
203,bg
204,bg
205,bg
206,bg
207,bg
208,bg
209,bg
210,bg
211,bg
212,bg
213,bg
214,bg
215,bg
216,bg
217,bg
218,bg
219,bg
220,bg
221,bg
222,bg
223,bg
224,bg
225,bg
226,bg
227,bg
228,bg
229,bg
230,bg
231,bg
232,bg
233,bg
234,bg
235,bg
236,bg
237,bg
238,bg
239,bg
240,bg
241,bg
242,bg
243,bg
244,bg
245,bg
246,bg
247,bg
248,bg
249,bg
250,bg
251,bg
252,bg
253,bg
254,bg
255,bg
256,bg
257,bg
258,bg
259,bg
260,bg
261,bg
262,bg
263,bg
264,bg
265,bg
266,bg
267,bg
268,bg
269,bg
270,bg
271,bg
272,bg
273,bg
274,bg
275,bg
276,bg
277,bg
278,bg
279,bg
280,bg
281,bg
282,bg
283,bg
284,bg
285,bg
286,bg
287,bg
288,bg
289,bg
290,bg
291,bg
292,bg
293,bg
294,bg
295,bg
296,bg
297,bg
298,bg
299,bg
300,bg
301,bg
302,bg
303,bg
304,bg
305,bg
306,bg
307,bg
308,bg
309,bg
310,bg
311,bg
312,bg
313,bg
314,bg
315,bg
316,bg
317,bg
318,bg
319,bg
320,bg
321,bg
322,bg
323,bg
324,bg
325,bg
326,bg
327,bg
328,bg
329,bg
330,bg
331,bg
332,bg
333,bg
334,bg
335,bg
336,bg
337,bg
338,bg
339,bg
340,bg
341,bg
342,bg
343,bg
344,bg
345,bg
346,bg
347,bg
348,bg
349,bg
350,bg
351,bg
352,bg
353,bg
354,bg
355,bg
356,bg
357,bg
358,bg
359,bg
360,bg
361,bg
362,bg
363,bg
364,bg
365,bg
366,bg
367,bg
368,bg
369,bg
370,bg
371,bg
372,bg
373,bg
374,bg
375,bg
376,bg
377,bg
378,bg
379,bg
380,bg
381,bg
382,bg
383,bg
384,bg
385,bg
386,bg
387,bg
388,bg
389,bg
390,bg
391,bg
392,bg
393,bg
394,bg
395,bg
396,bg
397,bg
398,bg
399,bg
400,bg
401,bg
402,bg
403,bg
404,bg
405,bg
406,bg
407,bg
408,bg
409,bg
410,bg
411,bg
412,bg
413,bg
414,bg
415,bg
416,bg
417,bg
418,bg
419,bg
420,bg
421,bg
422,bg
423,bg
424,bg
425,bg
426,bg
427,bg
428,bg
429,bg
430,bg
431,bg
432,bg
433,bg
434,bg
435,bg
436,bg
437,bg
438,bg
439,bg
440,bg
441,bg
442,bg
443,bg
444,bg
445,bg
446,bg
447,bg
448,bg
449,bg
450,bg
451,bg
452,bg
453,bg
454,bg
455,bg
456,bg
457,bg
458,bg
459,bg
460,bg
461,bg
462,bg
463,bg
464,bg
465,bg
466,bg
467,bg
468,bg
469,bg
470,bg
471,bg
472,bg
473,bg
474,bg
475,bg
476,bg
477,bg
478,bg
479,bg
480,bg
481,bg
482,bg
483,bg
484,bg
485,bg
486,bg
487,bg
488,bg
489,bg
490,bg
491,bg
492,bg
493,bg
494,bg
495,bg
496,bg
497,bg
498,bg
499,bg
500,bg
501,bg
502,bg
503,bg
504,bg
505,bg
506,bg
507,bg
508,bg
509,bg
510,bg
511,bg
512,bg
513,bg
514,bg
515,bg
516,bg
517,bg
518,bg
519,bg
520,bg
521,bg
522,bg
523,bg
524,bg
525,bg
526,bg
527,bg
528,bg
529,bg
530,bg
531,bg
532,bg
533,bg
534,bg
535,bg
536,bg
537,bg
538,bg
539,bg
540,bg
541,bg
542,bg
543,bg
544,bg
545,bg
546,bg
547,bg
548,bg
549,bg
550,bg
551,bg
552,bg
553,bg
554,bg
555,bg
556,bg
557,bg
558,bg
559,bg
560,bg
561,bg
562,bg
563,bg
564,bg
565,bg
566,bg
567,bg
568,bg
569,bg
570,bg
571,bg
572,bg
573,bg
574,bg
575,bg
576,bg
577,bg
578,bg
579,bg
580,bg
581,bg
582,bg
583,bg
584,bg
585,bg
586,bg
587,bg
588,bg
589,bg
590,bg
591,bg
592,bg
593,bg
594,bg
595,bg
596,bg
597,bg
598,bg
599,bg
600,bg
601,bg
602,bg
603,bg
604,bg
605,bg
606,bg
607,bg
608,bg
609,bg
610,bg
611,bg
612,bg
613,bg
614,bg
615,bg
616,bg
617,bg
618,bg
619,bg
620,bg
621,bg
622,bg
623,bg
624,bg
625,bg
626,bg
627,bg
628,bg
629,bg
630,bg
631,bg
632,bg
633,bg
634,bg
635,bg
636,bg
637,bg
638,bg
639,bg
640,bg
641,bg
642,bg
643,bg
644,bg
645,bg
646,bg
647,bg
648,bg
649,bg
650,bg
651,bg
652,bg
653,bg
654,bg
655,bg
656,bg
657,bg
658,bg
659,bg
660,bg
661,bg
662,bg
663,bg
664,bg
665,bg
666,bg
667,bg
668,bg
669,bg
670,bg
671,bg
672,bg
673,bg
674,bg
675,bg
676,bg
677,bg
678,bg
679,bg
680,bg
681,bg
682,bg
683,bg
684,bg
685,bg
686,bg
687,bg
688,bg
689,bg
690,bg
691,bg
692,bg
693,bg
694,bg
695,bg
696,bg
697,bg
698,bg
699,bg
700,bg
701,bg
702,bg
703,bg
704,bg
705,bg
706,bg
707,bg
708,bg
709,bg
710,bg
711,bg
712,bg
713,bg
714,bg
715,bg
716,bg
717,bg
718,bg
719,bg
720,bg
721,bg
722,bg
723,bg
724,bg
725,bg
726,bg
727,bg
728,bg
729,bg
730,bg
731,bg
732,bg
733,bg
734,bg
735,bg
736,bg
737,bg
738,bg
739,bg
740,bg
741,bg
742,bg
743,bg
744,bg
745,bg
746,bg
747,bg
748,bg
749,bg
750,bg
751,bg
752,bg
753,bg
754,bg
755,bg
756,bg
757,bg
758,bg
759,bg
760,bg
761,bg
762,bg
763,bg
764,bg
765,bg
766,bg
767,bg
768,bg
769,bg
770,bg
771,bg
772,bg
773,bg
774,bg
775,bg
776,bg
777,bg
778,bg
779,bg
780,bg
781,bg
782,bg
783,bg
784,bg
785,bg
786,bg
787,bg
788,bg
789,bg
790,bg
791,bg
792,bg
793,bg
794,bg
795,bg
796,bg
797,bg
798,bg
799,bg
800,bg
801,bg
802,bg
803,bg
804,bg
805,bg
806,bg
807,bg
808,bg
809,bg
810,bg
811,bg
812,bg
813,bg
814,bg
815,bg
816,bg
817,bg
818,bg
819,bg
820,bg
821,bg
822,bg
823,bg
824,bg
825,bg
826,bg
827,bg
828,bg
829,bg
830,bg
831,bg
832,bg
833,bg
834,bg
835,bg
836,bg
837,bg
838,bg
839,bg
840,bg
841,bg
842,bg
843,bg
844,bg
845,bg
846,bg
847,bg
848,bg
849,bg
850,bg
851,bg
852,bg
853,bg
854,bg
855,bg
856,bg
857,bg
858,bg
859,bg
860,bg
861,bg
862,bg
863,bg
864,bg
865,bg
866,bg
867,bg
868,bg
869,bg
870,bg
871,bg
872,bg
873,bg
874,bg
875,bg
876,bg
877,bg
878,bg
879,bg
880,bg
881,bg
882,bg
883,bg
884,bg
885,bg
886,bg
887,bg
888,bg
889,bg
890,bg
891,bg
892,bg
893,bg
894,bg
895,bg
896,bg
897,bg
898,bg
899,bg
900,bg
901,bg
902,bg
903,bg
904,bg
905,bg
906,bg
907,bg
908,bg
909,bg
910,bg
911,bg
912,bg
913,bg
914,bg
915,bg
916,bg
917,bg
918,bg
919,bg
920,bg
921,bg
922,bg
923,bg
924,bg
925,bg
926,bg
927,bg
928,bg
929,bg
930,bg
931,bg
932,bg
933,bg
934,bg
935,bg
936,bg
937,bg
938,bg
939,bg
940,bg
941,bg
942,bg
943,bg
944,bg
945,bg
946,bg
947,bg
948,bg
949,bg
950,bg
951,bg
952,bg
953,bg
954,bg
955,bg
956,bg
957,bg
958,bg
959,bg
960,bg
961,bg
962,bg
963,bg
964,bg
965,bg
966,bg
967,bg
968,bg
969,bg
970,bg
971,bg
972,bg
973,bg
974,bg
975,bg
976,bg
977,bg
978,bg
979,bg
980,bg
981,bg
982,bg
983,bg
984,bg
985,bg
986,bg
987,bg
988,bg
989,bg
990,bg
991,bg
992,bg
993,bg
994,bg
995,bg
996,bg
997,bg
998,bg
999,bg
1000,bg
1001,bg
1002,bg
1003,bg
1004,bg
1005,bg
1006,bg
1007,bg
1008,bg
1009,bg
1010,bg
1011,bg
1012,bg
1013,bg
1014,bg
1015,bg
1016,bg
1017,bg
1018,bg
1019,bg
1020,bg
1021,bg
1022,bg
1023,bg
1024,bg
1025,bg
1026,bg
1027,bg
1028,bg
1029,bg
1030,bg
1031,bg
1032,bg
1033,bg
1034,bg
1035,bg
1036,bg
1037,bg
1038,bg
1039,bg
1040,bg
1041,bg
1042,bg
1043,bg
1044,bg
1045,bg
1046,bg
1047,bg
1048,bg
1049,bg
1050,bg
1051,bg
1052,bg
1053,bg
1054,bg
1055,bg
1056,bg
1057,bg
1058,bg
1059,bg
1060,bg
1061,bg
1062,bg
1063,bg
1064,bg
1065,bg
1066,bg
1067,bg
1068,bg
1069,bg
1070,bg
1071,bg
1072,bg
1073,bg
1074,bg
1075,bg
1076,bg
1077,bg
1078,bg
1079,bg
1080,bg
1081,bg
1082,bg
1083,bg
1084,bg
1085,bg
1086,bg
1087,bg
1088,bg
1089,bg
1090,bg
1091,bg
1092,bg
1093,bg
1094,bg
1095,bg
1096,bg
1097,bg
1098,bg
1099,bg
1100,bg
1101,bg
1102,bg
1103,bg
1104,bg
1105,bg
1106,bg
1107,bg
1108,bg
1109,bg
1110,bg
1111,bg
1112,bg
1113,bg
1114,bg
1115,bg
1116,bg
1117,bg
1118,bg
1119,bg
1120,bg
1121,bg
1122,bg
1123,bg
1124,bg
1125,bg
1126,bg
1127,bg
1128,bg
1129,bg
1130,bg
1131,bg
1132,bg
1133,bg
1134,bg
1135,bg
1136,bg
1137,bg
1138,bg
1139,bg
1140,bg
1141,bg
1142,bg
1143,bg
1144,bg
1145,bg
1146,bg
1147,bg
1148,bg
1149,bg
1150,bg
1151,bg
1152,bg
1153,bg
1154,bg
1155,bg
1156,bg
1157,bg
1158,bg
1159,bg
1160,bg
1161,bg
1162,bg
1163,bg
1164,bg
1165,bg
1166,bg
1167,bg
1168,bg
1169,bg
1170,bg
1171,bg
1172,bg
1173,bg
1174,bg
1175,bg
1176,bg
1177,bg
1178,bg
1179,bg
1180,bg
1181,bg
1182,bg
1183,bg
1184,bg
1185,bg
1186,bg
1187,bg
1188,bg
1189,bg
1190,bg
1191,bg
1192,bg
1193,bg
1194,bg
1195,bg
1196,bg
1197,bg
1198,bg
1199,bg
1200,bg
1201,bg
1202,bg
1203,bg
1204,bg
1205,bg
1206,bg
1207,bg
1208,bg
1209,bg
1210,bg
1211,bg
1212,bg
1213,bg
1214,bg
1215,bg
1216,bg
1217,bg
1218,bg
1219,bg
1220,bg
1221,bg
1222,bg
1223,bg
1224,bg
1225,bg
1226,bg
1227,bg
1228,bg
1229,bg
1230,bg
1231,bg
1232,bg
1233,bg
1234,bg
1235,bg
1236,bg
1237,bg
1238,bg
1239,bg
1240,bg
1241,bg
1242,bg
1243,bg
1244,bg
1245,bg
1246,bg
1247,bg
1248,bg
1249,bg
1250,bg
1251,bg
1252,bg
1253,bg
1254,bg
1255,bg
1256,bg
1257,bg
1258,bg
1259,bg
1260,bg
1261,bg
1262,bg
1263,bg
1264,bg
1265,bg
1266,bg
1267,bg
1268,bg
1269,bg
1270,bg
1271,bg
1272,bg
1273,bg
1274,bg
1275,bg
1276,bg
1277,bg
1278,bg
1279,bg
1280,bg
1281,bg
1282,bg
1283,bg
1284,bg
1285,bg
1286,bg
1287,bg
1288,bg
1289,bg
1290,bg
1291,bg
1292,bg
1293,bg
1294,bg
1295,bg
1296,bg
1297,bg
1298,bg
1299,bg
1300,bg
1301,bg
1302,bg
1303,bg
1304,bg
1305,bg
1306,bg
1307,bg
1308,bg
1309,bg
1310,bg
1311,bg
1312,bg
1313,bg
1314,bg
1315,bg
1316,bg
1317,bg
1318,bg
1319,bg
1320,bg
1321,bg
1322,bg
1323,bg
1324,bg
1325,bg
1326,bg
1327,bg
1328,bg
1329,bg
1330,bg
1331,bg
1332,bg
1333,bg
1334,bg
1335,bg
1336,bg
1337,bg
1338,bg
1339,bg
1340,bg
1341,bg
1342,bg
1343,bg
1344,bg
1345,bg
1346,bg
1347,bg
1348,bg
1349,bg
1350,bg
1351,bg
1352,bg
1353,bg
1354,bg
1355,bg
1356,bg
1357,bg
1358,bg
1359,bg
1360,bg
1361,bg
1362,bg
1363,bg
1364,bg
1365,bg
1366,bg
1367,bg
1368,bg
1369,bg
1370,bg
1371,bg
1372,bg
1373,bg
1374,bg
1375,bg
1376,bg
1377,bg
1378,bg
1379,bg
1380,bg
1381,bg
1382,bg
1383,bg
1384,bg
1385,bg
1386,bg
1387,bg
1388,bg
1389,bg
1390,bg
1391,bg
1392,bg
1393,bg
1394,bg
1395,bg
1396,bg
1397,bg
1398,bg
1399,bg
1400,bg
1401,bg
1402,bg
1403,bg
1404,bg
1405,bg
1406,bg
1407,bg
1408,bg
1409,bg
1410,bg
1411,bg
1412,bg
1413,bg
1414,bg
1415,bg
1416,bg
1417,bg
1418,bg
1419,bg
1420,bg
1421,bg
1422,bg
1423,bg
1424,bg
1425,bg
1426,bg
1427,bg
1428,bg
1429,bg
1430,bg
1431,bg
1432,bg
1433,bg
1434,bg
1435,bg
1436,bg
1437,bg
1438,bg
1439,bg
1440,bg
1441,bg
1442,bg
1443,bg
1444,bg
1445,bg
1446,bg
1447,bg
1448,bg
1449,bg
1450,bg
1451,bg
1452,bg
1453,bg
1454,bg
1455,bg
1456,bg
1457,bg
1458,bg
1459,bg
1460,bg
1461,bg
1462,bg
1463,bg
1464,bg
1465,bg
1466,bg
1467,bg
1468,bg
1469,bg
1470,bg
1471,bg
1472,bg
1473,bg
1474,bg
1475,bg
1476,bg
1477,bg
1478,bg
1479,bg
1480,bg
1481,bg
1482,bg
1483,bg
1484,bg
1485,bg
1486,bg
1487,bg
1488,bg
1489,bg
1490,bg
1491,bg
1492,bg
1493,bg
1494,bg
1495,bg
1496,bg
1497,bg
1498,bg
1499,bg
1500,bg
1501,bg
1502,bg
1503,bg
1504,bg
1505,bg
1506,bg
1507,bg
1508,bg
1509,bg
1510,bg
1511,bg
1512,bg
1513,bg
1514,bg
1515,bg
1516,bg
1517,bg
1518,bg
1519,bg
1520,bg
1521,bg
1522,bg
1523,bg
1524,bg
1525,bg
1526,bg
1527,bg
1528,bg
1529,bg
1530,bg
1531,bg
1532,bg
1533,bg
1534,bg
1535,bg
1536,bg
1537,bg
1538,bg
1539,bg
1540,bg
1541,bg
1542,bg
1543,bg
1544,bg
1545,bg
1546,bg
1547,bg
1548,bg
1549,bg
1550,bg
1551,bg
1552,bg
1553,bg
1554,bg
1555,bg
1556,bg
1557,bg
1558,bg
1559,bg
1560,bg
1561,bg
1562,bg
1563,bg
1564,bg
1565,bg
1566,bg
1567,bg
1568,bg
1569,bg
1570,bg
1571,bg
1572,bg
1573,bg
1574,bg
1575,bg
1576,bg
1577,bg
1578,bg
1579,bg
1580,bg
1581,bg
1582,bg
1583,bg
1584,bg
1585,bg
1586,bg
1587,bg
1588,bg
1589,bg
1590,bg
1591,bg
1592,bg
1593,bg
1594,bg
1595,bg
1596,bg
1597,bg
1598,bg
1599,bg
1600,bg
1601,bg
1602,bg
1603,bg
1604,bg
1605,bg
1606,bg
1607,bg
1608,bg
1609,bg
1610,bg
1611,bg
1612,bg
1613,bg
1614,bg
1615,bg
1616,bg
1617,bg
1618,bg
1619,bg
1620,bg
1621,bg
1622,bg
1623,bg
1624,bg
1625,bg
1626,bg
1627,bg
1628,bg
1629,bg
1630,bg
1631,bg
1632,bg
1633,bg
1634,bg
1635,bg
1636,bg
1637,bg
1638,bg
1639,bg
1640,bg
1641,bg
1642,bg
1643,bg
1644,bg
1645,bg
1646,bg
1647,bg
1648,bg
1649,bg
1650,bg
1651,bg
1652,bg
1653,bg
1654,bg
1655,bg
1656,bg
1657,bg
1658,bg
1659,bg
1660,bg
1661,bg
1662,bg
1663,bg
1664,bg
1665,bg
1666,bg
1667,bg
1668,bg
1669,bg
1670,bg
1671,bg
1672,bg
1673,bg
1674,bg
1675,bg
1676,bg
1677,bg
1678,bg
1679,bg
1680,bg
1681,bg
1682,bg
1683,bg
1684,bg
1685,bg
1686,bg
1687,bg
1688,bg
1689,bg
1690,bg
1691,bg
1692,bg
1693,bg
1694,bg
1695,bg
1696,bg
1697,bg
1698,bg
1699,bg
1700,bg
1701,bg
1702,bg
1703,bg
1704,bg
1705,bg
1706,bg
1707,bg
1708,bg
1709,bg
1710,bg
1711,bg
1712,bg
1713,bg
1714,bg
1715,bg
1716,bg
1717,bg
1718,bg
1719,bg
1720,bg
1721,bg
1722,bg
1723,bg
1724,bg
1725,bg
1726,bg
1727,bg
1728,bg
1729,bg
1730,bg
1731,bg
1732,bg
1733,bg
1734,bg
1735,bg
1736,bg
1737,bg
1738,bg
1739,bg
1740,bg
1741,bg
1742,bg
1743,bg
1744,bg
1745,bg
1746,bg
1747,bg
1748,bg
1749,bg
1750,bg
1751,bg
1752,bg
1753,bg
1754,bg
1755,bg
1756,bg
1757,bg
1758,bg
1759,bg
1760,bg
1761,bg
1762,bg
1763,bg
1764,bg
1765,bg
1766,bg
1767,bg
1768,bg
1769,bg
1770,bg
1771,bg
1772,bg
1773,bg
1774,bg
1775,bg
1776,bg
1777,bg
1778,bg
1779,bg
1780,bg
1781,bg
1782,bg
1783,bg
1784,bg
1785,bg
1786,bg
1787,bg
1788,bg
1789,bg
1790,bg
1791,bg
1792,bg
1793,bg
1794,bg
1795,bg
1796,bg
1797,bg
1798,bg
1799,bg
1800,bg
1801,bg
1802,bg
1803,bg
1804,bg
1805,bg
1806,bg
1807,bg
1808,bg
1809,bg
1810,bg
1811,bg
1812,bg
1813,bg
1814,bg
1815,bg
1816,bg
1817,bg
1818,bg
1819,bg
1820,bg
1821,bg
1822,bg
1823,bg
1824,bg
1825,bg
1826,bg
1827,bg
1828,bg
1829,bg
1830,bg
1831,bg
1832,bg
1833,bg
1834,bg
1835,bg
1836,bg
1837,bg
1838,bg
1839,bg
1840,bg
1841,bg
1842,bg
1843,bg
1844,bg
1845,bg
1846,bg
1847,bg
1848,bg
1849,bg
1850,bg
1851,bg
1852,bg
1853,bg
1854,bg
1855,bg
1856,bg
1857,bg
1858,bg
1859,bg
1860,bg
1861,bg
1862,bg
1863,bg
1864,bg
1865,bg
1866,bg
1867,bg
1868,bg
1869,bg
1870,bg
1871,bg
1872,bg
1873,bg
1874,bg
1875,bg
1876,bg
1877,bg
1878,bg
1879,bg
1880,bg
1881,bg
1882,bg
1883,bg
1884,bg
1885,bg
1886,bg
1887,bg
1888,bg
1889,bg
1890,bg
1891,bg
1892,bg
1893,bg
1894,bg
1895,bg
1896,bg
1897,bg
1898,bg
1899,bg
1900,bg
1901,bg
1902,bg
1903,bg
1904,bg
1905,bg
1906,bg
1907,bg
1908,bg
1909,bg
1910,bg
1911,bg
1912,bg
1913,bg
1914,bg
1915,bg
1916,bg
1917,bg
1918,bg
1919,bg
1920,bg
1921,bg
1922,bg
1923,bg
1924,bg
1925,bg
1926,bg
1927,bg
1928,bg
1929,bg
1930,bg
1931,bg
1932,bg
1933,bg
1934,bg
1935,bg
1936,bg
1937,bg
1938,bg
1939,bg
1940,bg
1941,bg
1942,bg
1943,bg
1944,bg
1945,bg
1946,bg
1947,bg
1948,bg
1949,bg
1950,bg
1951,bg
1952,bg
1953,bg
1954,bg
1955,bg
1956,bg
1957,bg
1958,bg
1959,bg
1960,bg
1961,bg
1962,bg
1963,bg
1964,bg
1965,bg
1966,bg
1967,bg
1968,bg
1969,bg
1970,bg
1971,bg
1972,bg
1973,bg
1974,bg
1975,bg
1976,bg
1977,bg
1978,bg
1979,bg
1980,bg
1981,bg
1982,bg
1983,bg
1984,bg
1985,bg
1986,bg
1987,bg
1988,bg
1989,bg
1990,bg
1991,bg
1992,bg
1993,bg
1994,bg
1995,bg
1996,bg
1997,bg
1998,bg
1999,bg
2000,bg
2001,bg
2002,bg
2003,bg
2004,bg
2005,bg
2006,bg
2007,bg
2008,bg
2009,bg
2010,bg
2011,bg
2012,bg
2013,bg
2014,bg
2015,bg
2016,bg
2017,bg
2018,bg
2019,bg
2020,bg
2021,bg
2022,bg
2023,bg
2024,bg
2025,bg
2026,bg
2027,bg
2028,bg
2029,bg
2030,bg
2031,bg
2032,bg
2033,bg
2034,bg
2035,bg
2036,bg
2037,bg
2038,bg
2039,bg
2040,bg
2041,bg
2042,bg
2043,bg
2044,bg
2045,bg
2046,bg
2047,bg
2048,bg
2049,bg
2050,bg
2051,bg
2052,bg
2053,bg
2054,bg
2055,bg
2056,bg
2057,bg
2058,bg
2059,bg
2060,bg
2061,bg
2062,bg
2063,bg
2064,bg
2065,bg
2066,bg
2067,bg
2068,bg
2069,bg
2070,bg
2071,bg
2072,bg
2073,bg
2074,bg
2075,bg
2076,bg
2077,bg
2078,bg
2079,bg
2080,bg
2081,bg
2082,bg
2083,bg
2084,bg
2085,bg
2086,bg
2087,bg
2088,bg
2089,bg
2090,bg
2091,bg
2092,bg
2093,bg
2094,bg
2095,bg
2096,bg
2097,bg
2098,bg
2099,bg
2100,bg
2101,bg
2102,bg
2103,bg
2104,bg
2105,bg
2106,bg
2107,bg
2108,bg
2109,bg
2110,bg
2111,bg
2112,bg
2113,bg
2114,bg
2115,bg
2116,bg
2117,bg
2118,bg
2119,bg
2120,bg
2121,bg
2122,bg
2123,bg
2124,bg
2125,bg
2126,bg
2127,bg
2128,bg
2129,bg
2130,bg
2131,bg
2132,bg
2133,bg
2134,bg
2135,bg
2136,bg
2137,bg
2138,bg
2139,bg
2140,bg
2141,bg
2142,bg
2143,bg
2144,bg
2145,bg
2146,bg
2147,bg
2148,bg
2149,bg
2150,bg
2151,bg
2152,bg
2153,bg
2154,bg
2155,bg
2156,bg
2157,bg
2158,bg
2159,bg
2160,bg
2161,bg
2162,bg
2163,bg
2164,bg
2165,bg
2166,bg
2167,bg
2168,bg
2169,bg
2170,bg
2171,bg
2172,bg
2173,bg
2174,bg
2175,bg
2176,bg
2177,bg
2178,bg
2179,bg
2180,bg
2181,bg
2182,bg
2183,bg
2184,bg
2185,bg
2186,bg
2187,bg
2188,bg
2189,bg
2190,bg
2191,bg
2192,bg
2193,bg
2194,bg
2195,bg
2196,bg
2197,bg
2198,bg
2199,bg
2200,bg
2201,bg
2202,bg
2203,bg
2204,bg
2205,bg
2206,bg
2207,bg
2208,bg
2209,bg
2210,bg
2211,bg
2212,bg
2213,bg
2214,bg
2215,bg
2216,bg
2217,bg
2218,bg
2219,bg
2220,bg
2221,bg
2222,bg
2223,bg
2224,bg
2225,bg
2226,bg
2227,bg
2228,bg
2229,bg
2230,bg
2231,bg
2232,bg
2233,bg
2234,bg
2235,bg
2236,bg
2237,bg
2238,bg
2239,bg
2240,bg
2241,bg
2242,bg
2243,bg
2244,bg
2245,bg
2246,bg
2247,bg
2248,bg
2249,bg
2250,bg
2251,bg
2252,bg
2253,bg
2254,bg
2255,bg
2256,bg
2257,bg
2258,bg
2259,bg
2260,bg
2261,bg
2262,bg
2263,bg
2264,bg
2265,bg
2266,bg
2267,bg
2268,bg
2269,bg
2270,bg
2271,bg
2272,bg
2273,bg
2274,bg
2275,bg
2276,bg
2277,bg
2278,bg
2279,bg
2280,bg
2281,bg
2282,bg
2283,bg
2284,bg
2285,bg
2286,bg
2287,bg
2288,bg
2289,bg
2290,bg
2291,bg
2292,bg
2293,bg
2294,bg
2295,bg
2296,bg
2297,bg
2298,bg
2299,bg
2300,bg
2301,bg
2302,bg
2303,bg
2304,bg
2305,bg
2306,bg
2307,bg
2308,bg
2309,bg
2310,bg
2311,bg
2312,bg
2313,bg
2314,bg
2315,bg
2316,bg
2317,bg
2318,bg
2319,bg
2320,bg
2321,bg
2322,bg
2323,bg
2324,bg
2325,bg
2326,bg
2327,bg
2328,bg
2329,bg
2330,bg
2331,bg
2332,bg
2333,bg
2334,bg
2335,bg
2336,bg
2337,bg
2338,bg
2339,bg
2340,bg
2341,bg
2342,bg
2343,bg
2344,bg
2345,bg
2346,bg
2347,bg
2348,bg
2349,bg
2350,bg
2351,bg
2352,bg
2353,bg
2354,bg
2355,bg
2356,bg
2357,bg
2358,bg
2359,bg
2360,bg
2361,bg
2362,bg
2363,bg
2364,bg
2365,bg
2366,bg
2367,bg
2368,bg
2369,bg
2370,bg
2371,bg
2372,bg
2373,bg
2374,bg
2375,bg
2376,bg
2377,bg
2378,bg
2379,bg
2380,bg
2381,bg
2382,bg
2383,bg
2384,bg
2385,bg
2386,bg
2387,bg
2388,bg
2389,bg
2390,bg
2391,bg
2392,bg
2393,bg
2394,bg
2395,bg
2396,bg
2397,bg
2398,bg
2399,bg
2400,bg
2401,bg
2402,bg
2403,bg
2404,bg
2405,bg
2406,bg
2407,bg
2408,bg
2409,bg
2410,bg
2411,bg
2412,bg
2413,bg
2414,bg
2415,bg
2416,bg
2417,bg
2418,bg
2419,bg
2420,bg
2421,bg
2422,bg
2423,bg
2424,bg
2425,bg
2426,bg
2427,bg
2428,bg
2429,bg
2430,bg
2431,bg
2432,bg
2433,bg
2434,bg
2435,bg
2436,bg
2437,bg
2438,bg
2439,bg
2440,bg
2441,bg
2442,bg
2443,bg
2444,bg
2445,bg
2446,bg
2447,bg
2448,bg
2449,bg
2450,bg
2451,bg
2452,bg
2453,bg
2454,bg
2455,bg
2456,bg
2457,bg
2458,bg
2459,bg
2460,bg
2461,bg
2462,bg
2463,bg
2464,bg
2465,bg
2466,bg
2467,bg
2468,bg
2469,bg
2470,bg
2471,bg
2472,bg
2473,bg
2474,bg
2475,bg
2476,bg
2477,bg
2478,bg
2479,bg
2480,bg
2481,bg
2482,bg
2483,bg
2484,bg
2485,bg
2486,bg
2487,bg
2488,bg
2489,bg
2490,bg
2491,bg
2492,bg
2493,bg
2494,bg
2495,bg
2496,bg
2497,bg
2498,bg
2499,bg
2500,bg
2501,bg
2502,bg
2503,bg
2504,bg
2505,bg
2506,bg
2507,bg
2508,bg
2509,bg
2510,bg
2511,bg
2512,bg
2513,bg
2514,bg
2515,bg
2516,bg
2517,bg
2518,bg
2519,bg
2520,bg
2521,bg
2522,bg
2523,bg
2524,bg
2525,bg
2526,bg
2527,bg
2528,bg
2529,bg
2530,bg
2531,bg
2532,bg
2533,bg
2534,bg
2535,bg
2536,bg
2537,bg
2538,bg
2539,bg
2540,bg
2541,bg
2542,bg
2543,bg
2544,bg
2545,bg
2546,bg
2547,bg
2548,bg
2549,bg
2550,bg
2551,bg
2552,bg
2553,bg
2554,bg
2555,bg
2556,bg
2557,bg
2558,bg
2559,bg
2560,bg
2561,bg
2562,bg
2563,bg
2564,bg
2565,bg
2566,bg
2567,bg
2568,bg
2569,bg
2570,bg
2571,bg
2572,bg
2573,bg
2574,bg
2575,bg
2576,bg
2577,bg
2578,bg
2579,bg
2580,bg
2581,bg
2582,bg
2583,bg
2584,bg
2585,bg
2586,bg
2587,bg
2588,bg
2589,bg
2590,bg
2591,bg
2592,bg
2593,bg
2594,bg
2595,bg
2596,bg
2597,bg
2598,bg
2599,bg
2600,bg
2601,bg
2602,bg
2603,bg
2604,bg
2605,bg
2606,bg
2607,bg
2608,bg
2609,bg
2610,bg
2611,bg
2612,bg
2613,bg
2614,bg
2615,bg
2616,bg
2617,bg
2618,bg
2619,bg
2620,bg
2621,bg
2622,bg
2623,bg
2624,bg
2625,bg
2626,bg
2627,bg
2628,bg
2629,bg
2630,bg
2631,bg
2632,bg
2633,bg
2634,bg
2635,bg
2636,bg
2637,bg
2638,bg
2639,bg
2640,bg
2641,bg
2642,bg
2643,bg
2644,bg
2645,bg
2646,bg
2647,bg
2648,bg
2649,bg
2650,bg
2651,bg
2652,bg
2653,bg
2654,bg
2655,bg
2656,bg
2657,bg
2658,bg
2659,bg
2660,bg
2661,bg
2662,bg
2663,bg
2664,bg
2665,bg
2666,bg
2667,bg
2668,bg
2669,bg
2670,bg
2671,bg
2672,bg
2673,bg
2674,bg
2675,bg
2676,bg
2677,bg
2678,bg
2679,bg
2680,bg
2681,bg
2682,bg
2683,bg
2684,bg
2685,bg
2686,bg
2687,bg
2688,bg
2689,bg
2690,bg
2691,bg
2692,bg
2693,bg
2694,bg
2695,bg
2696,bg
2697,bg
2698,bg
2699,bg
2700,bg
2701,bg
2702,bg
2703,bg
2704,bg
2705,bg
2706,bg
2707,bg
2708,bg
2709,bg
2710,bg
2711,bg
2712,bg
2713,bg
2714,bg
2715,bg
2716,bg
2717,bg
2718,bg
2719,bg
2720,bg
2721,bg
2722,bg
2723,bg
2724,bg
2725,bg
2726,bg
2727,bg
2728,bg
2729,bg
2730,bg
2731,bg
2732,bg
2733,bg
2734,bg
2735,bg
2736,bg
2737,bg
2738,bg
2739,bg
2740,bg
2741,bg
2742,bg
2743,bg
2744,bg
2745,bg
2746,bg
2747,bg
2748,bg
2749,bg
2750,bg
2751,bg
2752,bg
2753,bg
2754,bg
2755,bg
2756,bg
2757,bg
2758,bg
2759,bg
2760,bg
2761,bg
2762,bg
2763,bg
2764,bg
2765,bg
2766,bg
2767,bg
2768,bg
2769,bg
2770,bg
2771,bg
2772,bg
2773,bg
2774,bg
2775,bg
2776,bg
2777,bg
2778,bg
2779,bg
2780,bg
2781,bg
2782,bg
2783,bg
2784,bg
2785,bg
2786,bg
2787,bg
2788,bg
2789,bg
2790,bg
2791,bg
2792,bg
2793,bg
2794,bg
2795,bg
2796,bg
2797,bg
2798,bg
2799,bg
2800,bg
2801,bg
2802,bg
2803,bg
2804,bg
2805,bg
2806,bg
2807,bg
2808,bg
2809,bg
2810,bg
2811,bg
2812,bg
2813,bg
2814,bg
2815,bg
2816,bg
2817,bg
2818,bg
2819,bg
2820,bg
2821,bg
2822,bg
2823,bg
2824,bg
2825,bg
2826,bg
2827,bg
2828,bg
2829,bg
2830,bg
2831,bg
2832,bg
2833,bg
2834,bg
2835,bg
2836,bg
2837,bg
2838,bg
2839,bg
2840,bg
2841,bg
2842,bg
2843,bg
2844,bg
2845,bg
2846,bg
2847,bg
2848,bg
2849,bg
2850,bg
2851,bg
2852,bg
2853,bg
2854,bg
2855,bg
2856,bg
2857,bg
2858,bg
2859,bg
2860,bg
2861,bg
2862,bg
2863,bg
2864,bg
2865,bg
2866,bg
2867,bg
2868,bg
2869,bg
2870,bg
2871,bg
2872,bg
2873,bg
2874,bg
2875,bg
2876,bg
2877,bg
2878,bg
2879,bg
2880,bg
2881,bg
2882,bg
2883,bg
2884,bg
2885,bg
2886,bg
2887,bg
2888,bg
2889,bg
2890,bg
2891,bg
2892,bg
2893,bg
2894,bg
2895,bg
2896,bg
2897,bg
2898,bg
2899,bg
2900,bg
2901,bg
2902,bg
2903,bg
2904,bg
2905,bg
2906,bg
2907,bg
2908,bg
2909,bg
2910,bg
2911,bg
2912,bg
2913,bg
2914,bg
2915,bg
2916,bg
2917,bg
2918,bg
2919,bg
2920,bg
2921,bg
2922,bg
2923,bg
2924,bg
2925,bg
2926,bg
2927,bg
2928,bg
2929,bg
2930,bg
2931,bg
2932,bg
2933,bg
2934,bg
2935,bg
2936,bg
2937,bg
2938,bg
2939,bg
2940,bg
2941,bg
2942,bg
2943,bg
2944,bg
2945,bg
2946,bg
2947,bg
2948,bg
2949,bg
2950,bg
2951,bg
2952,bg
2953,bg
2954,bg
2955,bg
2956,bg
2957,bg
2958,bg
2959,bg
2960,bg
2961,bg
2962,bg
2963,bg
2964,bg
2965,bg
2966,bg
2967,bg
2968,bg
2969,bg
2970,bg
2971,bg
2972,bg
2973,bg
2974,bg
2975,bg
2976,bg
2977,bg
2978,bg
2979,bg
2980,bg
2981,bg
2982,bg
2983,bg
2984,bg
2985,bg
2986,bg
2987,bg
2988,bg
2989,bg
2990,bg
2991,bg
2992,bg
2993,bg
2994,bg
2995,bg
2996,bg
2997,bg
2998,bg
2999,bg
3000,bg
3001,bg
3002,bg
3003,bg
3004,bg
3005,bg
3006,bg
3007,bg
3008,bg
3009,bg
3010,bg
3011,bg
3012,bg
3013,bg
3014,bg
3015,bg
3016,bg
3017,bg
3018,bg
3019,bg
3020,bg
3021,bg
3022,bg
3023,bg
3024,bg
3025,bg
3026,bg
3027,bg
3028,bg
3029,bg
3030,bg
3031,bg
3032,bg
3033,bg
3034,bg
3035,bg
3036,bg
3037,bg
3038,bg
3039,bg
3040,bg
3041,bg
3042,bg
3043,bg
3044,bg
3045,bg
3046,bg
3047,bg
3048,bg
3049,bg
3050,bg
3051,bg
3052,bg
3053,bg
3054,bg
3055,bg
3056,bg
3057,bg
3058,bg
3059,bg
3060,bg
3061,bg
3062,bg
3063,bg
3064,bg
3065,bg
3066,bg
3067,bg
3068,bg
3069,bg
3070,bg
3071,bg
3072,bg
3073,bg
3074,bg
3075,bg
3076,bg
3077,bg
3078,bg
3079,bg
3080,bg
3081,bg
3082,bg
3083,bg
3084,bg
3085,bg
3086,bg
3087,bg
3088,bg
3089,bg
3090,bg
3091,bg
3092,bg
3093,bg
3094,bg
3095,bg
3096,bg
3097,bg
3098,bg
3099,bg
3100,bg
3101,bg
3102,bg
3103,bg
3104,bg
3105,bg
3106,bg
3107,bg
3108,bg
3109,bg
3110,bg
3111,bg
3112,bg
3113,bg
3114,bg
3115,bg
3116,bg
3117,bg
3118,bg
3119,bg
3120,bg
3121,bg
3122,bg
3123,bg
3124,bg
3125,bg
3126,bg
3127,bg
3128,bg
3129,bg
3130,bg
3131,bg
3132,bg
3133,bg
3134,bg
3135,bg
3136,bg
3137,bg
3138,bg
3139,bg
3140,bg
3141,bg
3142,bg
3143,bg
3144,bg
3145,bg
3146,bg
3147,bg
3148,bg
3149,bg
3150,bg
3151,bg
3152,bg
3153,bg
3154,bg
3155,bg
3156,bg
3157,bg
3158,bg
3159,bg
3160,bg
3161,bg
3162,bg
3163,bg
3164,bg
3165,bg
3166,bg
3167,bg
3168,bg
3169,bg
3170,bg
3171,bg
3172,bg
3173,bg
3174,bg
3175,bg
3176,bg
3177,bg
3178,bg
3179,bg
3180,bg
3181,bg
3182,bg
3183,bg
3184,bg
3185,bg
3186,bg
3187,bg
3188,bg
3189,bg
3190,bg
3191,bg
3192,bg
3193,bg
3194,bg
3195,bg
3196,bg
3197,bg
3198,bg
3199,bg
3200,bg
3201,bg
3202,bg
3203,bg
3204,bg
3205,bg
3206,bg
3207,bg
3208,bg
3209,bg
3210,bg
3211,bg
3212,bg
3213,bg
3214,bg
3215,bg
3216,bg
3217,bg
3218,bg
3219,bg
3220,bg
3221,bg
3222,bg
3223,bg
3224,bg
3225,bg
3226,bg
3227,bg
3228,bg
3229,bg
3230,bg
3231,bg
3232,bg
3233,bg
3234,bg
3235,bg
3236,bg
3237,bg
3238,bg
3239,bg
3240,bg
3241,bg
3242,bg
3243,bg
3244,bg
3245,bg
3246,bg
3247,bg
3248,bg
3249,bg
3250,bg
3251,bg
3252,bg
3253,bg
3254,bg
3255,bg
3256,bg
3257,bg
3258,bg
3259,bg
3260,bg
3261,bg
3262,bg
3263,bg
3264,bg
3265,bg
3266,bg
3267,bg
3268,bg
3269,bg
3270,bg
3271,bg
3272,bg
3273,bg
3274,bg
3275,bg
3276,bg
3277,bg
3278,bg
3279,bg
3280,bg
3281,bg
3282,bg
3283,bg
3284,bg
3285,bg
3286,bg
3287,bg
3288,bg
3289,bg
3290,bg
3291,bg
3292,bg
3293,bg
3294,bg
3295,bg
3296,bg
3297,bg
3298,bg
3299,bg
3300,bg
3301,bg
3302,bg
3303,bg
3304,bg
3305,bg
3306,bg
3307,bg
3308,bg
3309,bg
3310,bg
3311,bg
3312,bg
3313,bg
3314,bg
3315,bg
3316,bg
3317,bg
3318,bg
3319,bg
3320,bg
3321,bg
3322,bg
3323,bg
3324,bg
3325,bg
3326,bg
3327,bg
3328,bg
3329,bg
3330,bg
3331,bg
3332,bg
3333,bg
3334,bg
3335,bg
3336,bg
3337,bg
3338,bg
3339,bg
3340,bg
3341,bg
3342,bg
3343,bg
3344,bg
3345,bg
3346,bg
3347,bg
3348,bg
3349,bg
3350,bg
3351,bg
3352,bg
3353,bg
3354,bg
3355,bg
3356,bg
3357,bg
3358,bg
3359,bg
3360,bg
3361,bg
3362,bg
3363,bg
3364,bg
3365,bg
3366,bg
3367,bg
3368,bg
3369,bg
3370,bg
3371,bg
3372,bg
3373,bg
3374,bg
3375,bg
3376,bg
3377,bg
3378,bg
3379,bg
3380,bg
3381,bg
3382,bg
3383,bg
3384,bg
3385,bg
3386,bg
3387,bg
3388,bg
3389,bg
3390,bg
3391,bg
3392,bg
3393,bg
3394,bg
3395,bg
3396,bg
3397,bg
3398,bg
3399,bg
3400,bg
3401,bg
3402,bg
3403,bg
3404,bg
3405,bg
3406,bg
3407,bg
3408,bg
3409,bg
3410,bg
3411,bg
3412,bg
3413,bg
3414,bg
3415,bg
3416,bg
3417,bg
3418,bg
3419,bg
3420,bg
3421,bg
3422,bg
3423,bg
3424,bg
3425,bg
3426,bg
3427,bg
3428,bg
3429,bg
3430,bg
3431,bg
3432,bg
3433,bg
3434,bg
3435,bg
3436,bg
3437,bg
3438,bg
3439,bg
3440,bg
3441,bg
3442,bg
3443,bg
3444,bg
3445,bg
3446,bg
3447,bg
3448,bg
3449,bg
3450,bg
3451,bg
3452,bg
3453,bg
3454,bg
3455,bg
3456,bg
3457,bg
3458,bg
3459,bg
3460,bg
3461,bg
3462,bg
3463,bg
3464,bg
3465,bg
3466,bg
3467,bg
3468,bg
3469,bg
3470,bg
3471,bg
3472,bg
3473,bg
3474,bg
3475,bg
3476,bg
3477,bg
3478,bg
3479,bg
3480,bg
3481,bg
3482,bg
3483,bg
3484,bg
3485,bg
3486,bg
3487,bg
3488,bg
3489,bg
3490,bg
3491,bg
3492,bg
3493,bg
3494,bg
3495,bg
3496,bg
3497,bg
3498,bg
3499,bg
3500,bg
3501,bg
3502,bg
3503,bg
3504,bg
3505,bg
3506,bg
3507,bg
3508,bg
3509,bg
3510,bg
3511,bg
3512,bg
3513,bg
3514,bg
3515,bg
3516,bg
3517,bg
3518,bg
3519,bg
3520,bg
3521,bg
3522,bg
3523,bg
3524,bg
3525,bg
3526,bg
3527,bg
3528,bg
3529,bg
3530,bg
3531,bg
3532,bg
3533,bg
3534,bg
3535,bg
3536,bg
3537,bg
3538,bg
3539,bg
3540,bg
3541,bg
3542,bg
3543,bg
3544,bg
3545,bg
3546,bg
3547,bg
3548,bg
3549,bg
3550,bg
3551,bg
3552,bg
3553,bg
3554,bg
3555,bg
3556,bg
3557,bg
3558,bg
3559,bg
3560,bg
3561,bg
3562,bg
3563,bg
3564,bg
3565,bg
3566,bg
3567,bg
3568,bg
3569,bg
3570,bg
3571,bg
3572,bg
3573,bg
3574,bg
3575,bg
3576,bg
3577,bg
3578,bg
3579,bg
3580,bg
3581,bg
3582,bg
3583,bg
3584,bg
3585,bg
3586,bg
3587,bg
3588,bg
3589,bg
3590,bg
3591,bg
3592,bg
3593,bg
3594,bg
3595,bg
3596,bg
3597,bg
3598,bg
3599,bg
3600,bg
3601,bg
3602,bg
3603,bg
3604,bg
3605,bg
3606,bg
3607,bg
3608,bg
3609,bg
3610,bg
3611,bg
3612,bg
3613,bg
3614,bg
3615,bg
3616,bg
3617,bg
3618,bg
3619,bg
3620,bg
3621,bg
3622,bg
3623,bg
3624,bg
3625,bg
3626,bg
3627,bg
3628,bg
3629,bg
3630,bg
3631,bg
3632,bg
3633,bg
3634,bg
3635,bg
3636,bg
3637,bg
3638,bg
3639,bg
3640,bg
3641,bg
3642,bg
3643,bg
3644,bg
3645,bg
3646,bg
3647,bg
3648,bg
3649,bg
3650,bg
3651,bg
3652,bg
3653,bg
3654,bg
3655,bg
3656,bg
3657,bg
3658,bg
3659,bg
3660,bg
3661,bg
3662,bg
3663,bg
3664,bg
3665,bg
3666,bg
3667,bg
3668,bg
3669,bg
3670,bg
3671,bg
3672,bg
3673,bg
3674,bg
3675,bg
3676,bg
3677,bg
3678,bg
3679,bg
3680,bg
3681,bg
3682,bg
3683,bg
3684,bg
3685,bg
3686,bg
3687,bg
3688,bg
3689,bg
3690,bg
3691,bg
3692,bg
3693,bg
3694,bg
3695,bg
3696,bg
3697,bg
3698,bg
3699,bg
3700,bg
3701,bg
3702,bg
3703,bg
3704,bg
3705,bg
3706,bg
3707,bg
3708,bg
3709,bg
3710,bg
3711,bg
3712,bg
3713,bg
3714,bg
3715,bg
3716,bg
3717,bg
3718,bg
3719,bg
3720,bg
3721,bg
3722,bg
3723,bg
3724,bg
3725,bg
3726,bg
3727,bg
3728,bg
3729,bg
3730,bg
3731,bg
3732,bg
3733,bg
3734,bg
3735,bg
3736,bg
3737,bg
3738,bg
3739,bg
3740,bg
3741,bg
3742,bg
3743,bg
3744,bg
3745,bg
3746,bg
3747,bg
3748,bg
3749,bg
3750,bg
3751,bg
3752,bg
3753,bg
3754,bg
3755,bg
3756,bg
3757,bg
3758,bg
3759,bg
3760,bg
3761,bg
3762,bg
3763,bg
3764,bg
3765,bg
3766,bg
3767,bg
3768,bg
3769,bg
3770,bg
3771,bg
3772,bg
3773,bg
3774,bg
3775,bg
3776,bg
3777,bg
3778,bg
3779,bg
3780,bg
3781,bg
3782,bg
3783,bg
3784,bg
3785,bg
3786,bg
3787,bg
3788,bg
3789,bg
3790,bg
3791,bg
3792,bg
3793,bg
3794,bg
3795,bg
3796,bg
3797,bg
3798,bg
3799,bg
3800,bg
3801,bg
3802,bg
3803,bg
3804,bg
3805,bg
3806,bg
3807,bg
3808,bg
3809,bg
3810,bg
3811,bg
3812,bg
3813,bg
3814,bg
3815,bg
3816,bg
3817,bg
3818,bg
3819,bg
3820,bg
3821,bg
3822,bg
3823,bg
3824,bg
3825,bg
3826,bg
3827,bg
3828,bg
3829,bg
3830,bg
3831,bg
3832,bg
3833,bg
3834,bg
3835,bg
3836,bg
3837,bg
3838,bg
3839,bg
3840,bg
3841,bg
3842,bg
3843,bg
3844,bg
3845,bg
3846,bg
3847,bg
3848,bg
3849,bg
3850,bg
3851,bg
3852,bg
3853,bg
3854,bg
3855,bg
3856,bg
3857,bg
3858,bg
3859,bg
3860,bg
3861,bg
3862,bg
3863,bg
3864,bg
3865,bg
3866,bg
3867,bg
3868,bg
3869,bg
3870,bg
3871,bg
3872,bg
3873,bg
3874,bg
3875,bg
3876,bg
3877,bg
3878,bg
3879,bg
3880,bg
3881,bg
3882,bg
3883,bg
3884,bg
3885,bg
3886,bg
3887,bg
3888,bg
3889,bg
3890,bg
3891,bg
3892,bg
3893,bg
3894,bg
3895,bg
3896,bg
3897,bg
3898,bg
3899,bg
3900,bg
3901,bg
3902,bg
3903,bg
3904,bg
3905,bg
3906,bg
3907,bg
3908,bg
3909,bg
3910,bg
3911,bg
3912,bg
3913,bg
3914,bg
3915,bg
3916,bg
3917,bg
3918,bg
3919,bg
3920,bg
3921,bg
3922,bg
3923,bg
3924,bg
3925,bg
3926,bg
3927,bg
3928,bg
3929,bg
3930,bg
3931,bg
3932,bg
3933,bg
3934,bg
3935,bg
3936,bg
3937,bg
3938,bg
3939,bg
3940,bg
3941,bg
3942,bg
3943,bg
3944,bg
3945,bg
3946,bg
3947,bg
3948,bg
3949,bg
3950,bg
3951,bg
3952,bg
3953,bg
3954,bg
3955,bg
3956,bg
3957,bg
3958,bg
3959,bg
3960,bg
3961,bg
3962,bg
3963,bg
3964,bg
3965,bg
3966,bg
3967,bg
3968,bg
3969,bg
3970,bg
3971,bg
3972,bg
3973,bg
3974,bg
3975,bg
3976,bg
3977,bg
3978,bg
3979,bg
3980,bg
3981,bg
3982,bg
3983,bg
3984,bg
3985,bg
3986,bg
3987,bg
3988,bg
3989,bg
3990,bg
3991,bg
3992,bg
3993,bg
3994,bg
3995,bg
3996,bg
3997,bg
3998,bg
3999,bg
4000,bg
4001,bg
4002,bg
4003,bg
4004,bg
4005,bg
4006,bg
4007,bg
4008,bg
4009,bg
4010,bg
4011,bg
4012,bg
4013,bg
4014,bg
4015,bg
4016,bg
4017,bg
4018,bg
4019,bg
4020,bg
4021,bg
4022,bg
4023,bg
4024,bg
4025,bg
4026,bg
4027,bg
4028,bg
4029,bg
4030,bg
4031,bg
4032,bg
4033,bg
4034,bg
4035,bg
4036,bg
4037,bg
4038,bg
4039,bg
4040,bg
4041,bg
4042,bg
4043,bg
4044,bg
4045,bg
4046,bg
4047,bg
4048,bg
4049,bg
4050,bg
4051,bg
4052,bg
4053,bg
4054,bg
4055,bg
4056,bg
4057,bg
4058,bg
4059,bg
4060,bg
4061,bg
4062,bg
4063,bg
4064,bg
4065,bg
4066,bg
4067,bg
4068,bg
4069,bg
4070,bg
4071,bg
4072,bg
4073,bg
4074,bg
4075,bg
4076,bg
4077,bg
4078,bg
4079,bg
4080,bg
4081,bg
4082,bg
4083,bg
4084,bg
4085,bg
4086,bg
4087,bg
4088,bg
4089,bg
4090,bg
4091,bg
4092,bg
4093,bg
4094,bg
4095,bg
4096,bg
4097,bg
4098,bg
4099,bg
4100,bg
4101,bg
4102,bg
4103,bg
4104,bg
4105,bg
4106,bg
4107,bg
4108,bg
4109,bg
4110,bg
4111,bg
4112,bg
4113,bg
4114,bg
4115,bg
4116,bg
4117,bg
4118,bg
4119,bg
4120,bg
4121,bg
4122,bg
4123,bg
4124,bg
4125,bg
4126,bg
4127,bg
4128,bg
4129,bg
4130,bg
4131,bg
4132,bg
4133,bg
4134,bg
4135,bg
4136,bg
4137,bg
4138,bg
4139,bg
4140,bg
4141,bg
4142,bg
4143,bg
4144,bg
4145,bg
4146,bg
4147,bg
4148,bg
4149,bg
4150,bg
4151,bg
4152,bg
4153,bg
4154,bg
4155,bg
4156,bg
4157,bg
4158,bg
4159,bg
4160,bg
4161,bg
4162,bg
4163,bg
4164,bg
4165,bg
4166,bg
4167,bg
4168,bg
4169,bg
4170,bg
4171,bg
4172,bg
4173,bg
4174,bg
4175,bg
4176,bg
4177,bg
4178,bg
4179,bg
4180,bg
4181,bg
4182,bg
4183,bg
4184,bg
4185,bg
4186,bg
4187,bg
4188,bg
4189,bg
4190,bg
4191,bg
4192,bg
4193,bg
4194,bg
4195,bg
4196,bg
4197,bg
4198,bg
4199,bg
4200,bg
4201,bg
4202,bg
4203,bg
4204,bg
4205,bg
4206,bg
4207,bg
4208,bg
4209,bg
4210,bg
4211,bg
4212,bg
4213,bg
4214,bg
4215,bg
4216,bg
4217,bg
4218,bg
4219,bg
4220,bg
4221,bg
4222,bg
4223,bg
4224,bg
4225,bg
4226,bg
4227,bg
4228,bg
4229,bg
4230,bg
4231,bg
4232,bg
4233,bg
4234,bg
4235,bg
4236,bg
4237,bg
4238,bg
4239,bg
4240,bg
4241,bg
4242,bg
4243,bg
4244,bg
4245,bg
4246,bg
4247,bg
4248,bg
4249,bg
4250,bg
4251,bg
4252,bg
4253,bg
4254,bg
4255,bg
4256,bg
4257,bg
4258,bg
4259,bg
4260,bg
4261,bg
4262,bg
4263,bg
4264,bg
4265,bg
4266,bg
4267,bg
4268,bg
4269,bg
4270,bg
4271,bg
4272,bg
4273,bg
4274,bg
4275,bg
4276,bg
4277,bg
4278,bg
4279,bg
4280,bg
4281,bg
4282,bg
4283,bg
4284,bg
4285,bg
4286,bg
4287,bg
4288,bg
4289,bg
4290,bg
4291,bg
4292,bg
4293,bg
4294,bg
4295,bg
4296,bg
4297,bg
4298,bg
4299,bg
4300,bg
4301,bg
4302,bg
4303,bg
4304,bg
4305,bg
4306,bg
4307,bg
4308,bg
4309,bg
4310,bg
4311,bg
4312,bg
4313,bg
4314,bg
4315,bg
4316,bg
4317,bg
4318,bg
4319,bg
4320,bg
4321,bg
4322,bg
4323,bg
4324,bg
4325,bg
4326,bg
4327,bg
4328,bg
4329,bg
4330,bg
4331,bg
4332,bg
4333,bg
4334,bg
4335,bg
4336,bg
4337,bg
4338,bg
4339,bg
4340,bg
4341,bg
4342,bg
4343,bg
4344,bg
4345,bg
4346,bg
4347,bg
4348,bg
4349,bg
4350,bg
4351,bg
4352,bg
4353,bg
4354,bg
4355,bg
4356,bg
4357,bg
4358,bg
4359,bg
4360,bg
4361,bg
4362,bg
4363,bg
4364,bg
4365,bg
4366,bg
4367,bg
4368,bg
4369,bg
4370,bg
4371,bg
4372,bg
4373,bg
4374,bg
4375,bg
4376,bg
4377,bg
4378,bg
4379,bg
4380,bg
4381,bg
4382,bg
4383,bg
4384,bg
4385,bg
4386,bg
4387,bg
4388,bg
4389,bg
4390,bg
4391,bg
4392,bg
4393,bg
4394,bg
4395,bg
4396,bg
4397,bg
4398,bg
4399,bg
4400,bg
4401,bg
4402,bg
4403,bg
4404,bg
4405,bg
4406,bg
4407,bg
4408,bg
4409,bg
4410,bg
4411,bg
4412,bg
4413,bg
4414,bg
4415,bg
4416,bg
4417,bg
4418,bg
4419,bg
4420,bg
4421,bg
4422,bg
4423,bg
4424,bg
4425,bg
4426,bg
4427,bg
4428,bg
4429,bg
4430,bg
4431,bg
4432,bg
4433,bg
4434,bg
4435,bg
4436,bg
4437,bg
4438,bg
4439,bg
4440,bg
4441,bg
4442,bg
4443,bg
4444,bg
4445,bg
4446,bg
4447,bg
4448,bg
4449,bg
4450,bg
4451,bg
4452,bg
4453,bg
4454,bg
4455,bg
4456,bg
4457,bg
4458,bg
4459,bg
4460,bg
4461,bg
4462,bg
4463,bg
4464,bg
4465,bg
4466,bg
4467,bg
4468,bg
4469,bg
4470,bg
4471,bg
4472,bg
4473,bg
4474,bg
4475,bg
4476,bg
4477,bg
4478,bg
4479,bg
4480,bg
4481,bg
4482,bg
4483,bg
4484,bg
4485,bg
4486,bg
4487,bg
4488,bg
4489,bg
4490,bg
4491,bg
4492,bg
4493,bg
4494,bg
4495,bg
4496,bg
4497,bg
4498,bg
4499,bg
4500,bg
4501,bg
4502,bg
4503,bg
4504,bg
4505,bg
4506,bg
4507,bg
4508,bg
4509,bg
4510,bg
4511,bg
4512,bg
4513,bg
4514,bg
4515,bg
4516,bg
4517,bg
4518,bg
4519,bg
4520,bg
4521,bg
4522,bg
4523,bg
4524,bg
4525,bg
4526,bg
4527,bg
4528,bg
4529,bg
4530,bg
4531,bg
4532,bg
4533,bg
4534,bg
4535,bg
4536,bg
4537,bg
4538,bg
4539,bg
4540,bg
4541,bg
4542,bg
4543,bg
4544,bg
4545,bg
4546,bg
4547,bg
4548,bg
4549,bg
4550,bg
4551,bg
4552,bg
4553,bg
4554,bg
4555,bg
4556,bg
4557,bg
4558,bg
4559,bg
4560,bg
4561,bg
4562,bg
4563,bg
4564,bg
4565,bg
4566,bg
4567,bg
4568,bg
4569,bg
4570,bg
4571,bg
4572,bg
4573,bg
4574,bg
4575,bg
4576,bg
4577,bg
4578,bg
4579,bg
4580,bg
4581,bg
4582,bg
4583,bg
4584,bg
4585,bg
4586,bg
4587,bg
4588,bg
4589,bg
4590,bg
4591,bg
4592,bg
4593,bg
4594,bg
4595,bg
4596,bg
4597,bg
4598,bg
4599,bg
4600,bg
4601,bg
4602,bg
4603,bg
4604,bg
4605,bg
4606,bg
4607,bg
4608,bg
4609,bg
4610,bg
4611,bg
4612,bg
4613,bg
4614,bg
4615,bg
4616,bg
4617,bg
4618,bg
4619,bg
4620,bg
4621,bg
4622,bg
4623,bg
4624,bg
4625,bg
4626,bg
4627,bg
4628,bg
4629,bg
4630,bg
4631,bg
4632,bg
4633,bg
4634,bg
4635,bg
4636,bg
4637,bg
4638,bg
4639,bg
4640,bg
4641,bg
4642,bg
4643,bg
4644,bg
4645,bg
4646,bg
4647,bg
4648,bg
4649,bg
4650,bg
4651,bg
4652,bg
4653,bg
4654,bg
4655,bg
4656,bg
4657,bg
4658,bg
4659,bg
4660,bg
4661,bg
4662,bg
4663,bg
4664,bg
4665,bg
4666,bg
4667,bg
4668,bg
4669,bg
4670,bg
4671,bg
4672,bg
4673,bg
4674,bg
4675,bg
4676,bg
4677,bg
4678,bg
4679,bg
4680,bg
4681,bg
4682,bg
4683,bg
4684,bg
4685,bg
4686,bg
4687,bg
4688,bg
4689,bg
4690,bg
4691,bg
4692,bg
4693,bg
4694,bg
4695,bg
4696,bg
4697,bg
4698,bg
4699,bg
4700,bg
4701,bg
4702,bg
4703,bg
4704,bg
4705,bg
4706,bg
4707,bg
4708,bg
4709,bg
4710,bg
4711,bg
4712,bg
4713,bg
4714,bg
4715,bg
4716,bg
4717,bg
4718,bg
4719,bg
4720,bg
4721,bg
4722,bg
4723,bg
4724,bg
4725,bg
4726,bg
4727,bg
4728,bg
4729,bg
4730,bg
4731,bg
4732,bg
4733,bg
4734,bg
4735,bg
4736,bg
4737,bg
4738,bg
4739,bg
4740,bg
4741,bg
4742,bg
4743,bg
4744,bg
4745,bg
4746,bg
4747,bg
4748,bg
4749,bg
4750,bg
4751,bg
4752,bg
4753,bg
4754,bg
4755,bg
4756,bg
4757,bg
4758,bg
4759,bg
4760,bg
4761,bg
4762,bg
4763,bg
4764,bg
4765,bg
4766,bg
4767,bg
4768,bg
4769,bg
4770,bg
4771,bg
4772,bg
4773,bg
4774,bg
4775,bg
4776,bg
4777,bg
4778,bg
4779,bg
4780,bg
4781,bg
4782,bg
4783,bg
4784,bg
4785,bg
4786,bg
4787,bg
4788,bg
4789,bg
4790,bg
4791,bg
4792,bg
4793,bg
4794,bg
4795,bg
4796,bg
4797,bg
4798,bg
4799,bg
4800,bg
4801,bg
4802,bg
4803,bg
4804,bg
4805,bg
4806,bg
4807,bg
4808,bg
4809,bg
4810,bg
4811,bg
4812,bg
4813,bg
4814,bg
4815,bg
4816,bg
4817,bg
4818,bg
4819,bg
4820,bg
4821,bg
4822,bg
4823,bg
4824,bg
4825,bg
4826,bg
4827,bg
4828,bg
4829,bg
4830,bg
4831,bg
4832,bg
4833,bg
4834,bg
4835,bg
4836,bg
4837,bg
4838,bg
4839,bg
4840,bg
4841,bg
4842,bg
4843,bg
4844,bg
4845,bg
4846,bg
4847,bg
4848,bg
4849,bg
4850,bg
4851,bg
4852,bg
4853,bg
4854,bg
4855,bg
4856,bg
4857,bg
4858,bg
4859,bg
4860,bg
4861,bg
4862,bg
4863,bg
4864,bg
4865,bg
4866,bg
4867,bg
4868,bg
4869,bg
4870,bg
4871,bg
4872,bg
4873,bg
4874,bg
4875,bg
4876,bg
4877,bg
4878,bg
4879,bg
4880,bg
4881,bg
4882,bg
4883,bg
4884,bg
4885,bg
4886,bg
4887,bg
4888,bg
4889,bg
4890,bg
4891,bg
4892,bg
4893,bg
4894,bg
4895,bg
4896,bg
4897,bg
4898,bg
4899,bg
4900,bg
4901,bg
4902,bg
4903,bg
4904,bg
4905,bg
4906,bg
4907,bg
4908,bg
4909,bg
4910,bg
4911,bg
4912,bg
4913,bg
4914,bg
4915,bg
4916,bg
4917,bg
4918,bg
4919,bg
4920,bg
4921,bg
4922,bg
4923,bg
4924,bg
4925,bg
4926,bg
4927,bg
4928,bg
4929,bg
4930,bg
4931,bg
4932,bg
4933,bg
4934,bg
4935,bg
4936,bg
4937,bg
4938,bg
4939,bg
4940,bg
4941,bg
4942,bg
4943,bg
4944,bg
4945,bg
4946,bg
4947,bg
4948,bg
4949,bg
4950,bg
4951,bg
4952,bg
4953,bg
4954,bg
4955,bg
4956,bg
4957,bg
4958,bg
4959,bg
4960,bg
4961,bg
4962,bg
4963,bg
4964,bg
4965,bg
4966,bg
4967,bg
4968,bg
4969,bg
4970,bg
4971,bg
4972,bg
4973,bg
4974,bg
4975,bg
4976,bg
4977,bg
4978,bg
4979,bg
4980,bg
4981,bg
4982,bg
4983,bg
4984,bg
4985,bg
4986,bg
4987,bg
4988,bg
4989,bg
4990,bg
4991,bg
4992,bg
4993,bg
4994,bg
4995,bg
4996,bg
4997,bg
4998,bg
4999,bg
5000,bg
5001,bg
5002,bg
5003,bg
5004,bg
5005,bg
5006,bg
5007,bg
5008,bg
5009,bg
5010,bg
5011,bg
5012,bg
5013,bg
5014,bg
5015,bg
5016,bg
5017,bg
5018,bg
5019,bg
5020,bg
5021,bg
5022,bg
5023,bg
5024,bg
5025,bg
5026,bg
5027,bg
5028,bg
5029,bg
5030,bg
5031,bg
5032,bg
5033,bg
5034,bg
5035,bg
5036,bg
5037,bg
5038,bg
5039,bg
5040,bg
5041,bg
5042,bg
5043,bg
5044,bg
5045,bg
5046,bg
5047,bg
5048,bg
5049,bg
5050,bg
5051,bg
5052,bg
5053,bg
5054,bg
5055,bg
5056,bg
5057,bg
5058,bg
5059,bg
5060,bg
5061,bg
5062,bg
5063,bg
5064,bg
5065,bg
5066,bg
5067,bg
5068,bg
5069,bg
5070,bg
5071,bg
5072,bg
5073,bg
5074,bg
5075,bg
5076,bg
5077,bg
5078,bg
5079,bg
5080,bg
5081,bg
5082,bg
5083,bg
5084,bg
5085,bg
5086,bg
5087,bg
5088,bg
5089,bg
5090,bg
5091,bg
5092,bg
5093,bg
5094,bg
5095,bg
5096,bg
5097,bg
5098,bg
5099,bg
5100,bg
5101,bg
5102,bg
5103,bg
5104,bg
5105,bg
5106,bg
5107,bg
5108,bg
5109,bg
5110,bg
5111,bg
5112,bg
5113,bg
5114,bg
5115,bg
5116,bg
5117,bg
5118,bg
5119,bg
5120,bg
5121,bg
5122,bg
5123,bg
5124,bg
5125,bg
5126,bg
5127,bg
5128,bg
5129,bg
5130,bg
5131,bg
5132,bg
5133,bg
5134,bg
5135,bg
5136,bg
5137,bg
5138,bg
5139,bg
5140,bg
5141,bg
5142,bg
5143,bg
5144,bg
5145,bg
5146,bg
5147,bg
5148,bg
5149,bg
5150,bg
5151,bg
5152,bg
5153,bg
5154,bg
5155,bg
5156,bg
5157,bg
5158,bg
5159,bg
5160,bg
5161,bg
5162,bg
5163,bg
5164,bg
5165,bg
5166,bg
5167,bg
5168,bg
5169,bg
5170,bg
5171,bg
5172,bg
5173,bg
5174,bg
5175,bg
5176,bg
5177,bg
5178,bg
5179,bg
5180,bg
5181,bg
5182,bg
5183,bg
5184,bg
5185,bg
5186,bg
5187,bg
5188,bg
5189,bg
5190,bg
5191,bg
5192,bg
5193,bg
5194,bg
5195,bg
5196,bg
5197,bg
5198,bg
5199,bg
5200,bg
5201,bg
5202,bg
5203,bg
5204,bg
5205,bg
5206,bg
5207,bg
5208,bg
5209,bg
5210,bg
5211,bg
5212,bg
5213,bg
5214,bg
5215,bg
5216,bg
5217,bg
5218,bg
5219,bg
5220,bg
5221,bg
5222,bg
5223,bg
5224,bg
5225,bg
5226,bg
5227,bg
5228,bg
5229,bg
5230,bg
5231,bg
5232,bg
5233,bg
5234,bg
5235,bg
5236,bg
5237,bg
5238,bg
5239,bg
5240,bg
5241,bg
5242,bg
5243,bg
5244,bg
5245,bg
5246,bg
5247,bg
5248,bg
5249,bg
5250,bg
5251,bg
5252,bg
5253,bg
5254,bg
5255,bg
5256,bg
5257,bg
5258,bg
5259,bg
5260,bg
5261,bg
5262,bg
5263,bg
5264,bg
5265,bg
5266,bg
5267,bg
5268,bg
5269,bg
5270,bg
5271,bg
5272,bg
5273,bg
5274,bg
5275,bg
5276,bg
5277,bg
5278,bg
5279,bg
5280,bg
5281,bg
5282,bg
5283,bg
5284,bg
5285,bg
5286,bg
5287,bg
5288,bg
5289,bg
5290,bg
5291,bg
5292,bg
5293,bg
5294,bg
5295,bg
5296,bg
5297,bg
5298,bg
5299,bg
5300,bg
5301,bg
5302,bg
5303,bg
5304,bg
5305,bg
5306,bg
5307,bg
5308,bg
5309,bg
5310,bg
5311,bg
5312,bg
5313,bg
5314,bg
5315,bg
5316,bg
5317,bg
5318,bg
5319,bg
5320,bg
5321,bg
5322,bg
5323,bg
5324,bg
5325,bg
5326,bg
5327,bg
5328,bg
5329,bg
5330,bg
5331,bg
5332,bg
5333,bg
5334,bg
5335,bg
5336,bg
5337,bg
5338,bg
5339,bg
5340,bg
5341,bg
5342,bg
5343,bg
5344,bg
5345,bg
5346,bg
5347,bg
5348,bg
5349,bg
5350,bg
5351,bg
5352,bg
5353,bg
5354,bg
5355,bg
5356,bg
5357,bg
5358,bg
5359,bg
5360,bg
5361,bg
5362,bg
5363,bg
5364,bg
5365,bg
5366,bg
5367,bg
5368,bg
5369,bg
5370,bg
5371,bg
5372,bg
5373,bg
5374,bg
5375,bg
5376,bg
5377,bg
5378,bg
5379,bg
5380,bg
5381,bg
5382,bg
5383,bg
5384,bg
5385,bg
5386,bg
5387,bg
5388,bg
5389,bg
5390,bg
5391,bg
5392,bg
5393,bg
5394,bg
5395,bg
5396,bg
5397,bg
5398,bg
5399,bg
5400,bg
5401,bg
5402,bg
5403,bg
5404,bg
5405,bg
5406,bg
5407,bg
5408,bg
5409,bg
5410,bg
5411,bg
5412,bg
5413,bg
5414,bg
5415,bg
5416,bg
5417,bg
5418,bg
5419,bg
5420,bg
5421,bg
5422,bg
5423,bg
5424,bg
5425,bg
5426,bg
5427,bg
5428,bg
5429,bg
5430,bg
5431,bg
5432,bg
5433,bg
5434,bg
5435,bg
5436,bg
5437,bg
5438,bg
5439,bg
5440,bg
5441,bg
5442,bg
5443,bg
5444,bg
5445,bg
5446,bg
5447,bg
5448,bg
5449,bg
5450,bg
5451,bg
5452,bg
5453,bg
5454,bg
5455,bg
5456,bg
5457,bg
5458,bg
5459,bg
5460,bg
5461,bg
5462,bg
5463,bg
5464,bg
5465,bg
5466,bg
5467,bg
5468,bg
5469,bg
5470,bg
5471,bg
5472,bg
5473,bg
5474,bg
5475,bg
5476,bg
5477,bg
5478,bg
5479,bg
5480,bg
5481,bg
5482,bg
5483,bg
5484,bg
5485,bg
5486,bg
5487,bg
5488,bg
5489,bg
5490,bg
5491,bg
5492,bg
5493,bg
5494,bg
5495,bg
5496,bg
5497,bg
5498,bg
5499,bg
5500,bg
5501,bg
5502,bg
5503,bg
5504,bg
5505,bg
5506,bg
5507,bg
5508,bg
5509,bg
5510,bg
5511,bg
5512,bg
5513,bg
5514,bg
5515,bg
5516,bg
5517,bg
5518,bg
5519,bg
5520,bg
5521,bg
5522,bg
5523,bg
5524,bg
5525,bg
5526,bg
5527,bg
5528,bg
5529,bg
5530,bg
5531,bg
5532,bg
5533,bg
5534,bg
5535,bg
5536,bg
5537,bg
5538,bg
5539,bg
5540,bg
5541,bg
5542,bg
5543,bg
5544,bg
5545,bg
5546,bg
5547,bg
5548,bg
5549,bg
5550,bg
5551,bg
5552,bg
5553,bg
5554,bg
5555,bg
5556,bg
5557,bg
5558,bg
5559,bg
5560,bg
5561,bg
5562,bg
5563,bg
5564,bg
5565,bg
5566,bg
5567,bg
5568,bg
5569,bg
5570,bg
5571,bg
5572,bg
5573,bg
5574,bg
5575,bg
5576,bg
5577,bg
5578,bg
5579,bg
5580,bg
5581,bg
5582,bg
5583,bg
5584,bg
5585,bg
5586,bg
5587,bg
5588,bg
5589,bg
5590,bg
5591,bg
5592,bg
5593,bg
5594,bg
5595,bg
5596,bg
5597,bg
5598,bg
5599,bg
5600,bg
5601,bg
5602,bg
5603,bg
5604,bg
5605,bg
5606,bg
5607,bg
5608,bg
5609,bg
5610,bg
5611,bg
5612,bg
5613,bg
5614,bg
5615,bg
5616,bg
5617,bg
5618,bg
5619,bg
5620,bg
5621,bg
5622,bg
5623,bg
5624,bg
5625,bg
5626,bg
5627,bg
5628,bg
5629,bg
5630,bg
5631,bg
5632,bg
5633,bg
5634,bg
5635,bg
5636,bg
5637,bg
5638,bg
5639,bg
5640,bg
5641,bg
5642,bg
5643,bg
5644,bg
5645,bg
5646,bg
5647,bg
5648,bg
5649,bg
5650,bg
5651,bg
5652,bg
5653,bg
5654,bg
5655,bg
5656,bg
5657,bg
5658,bg
5659,bg
5660,bg
5661,bg
5662,bg
5663,bg
5664,bg
5665,bg
5666,bg
5667,bg
5668,bg
5669,bg
5670,bg
5671,bg
5672,bg
5673,bg
5674,bg
5675,bg
5676,bg
5677,bg
5678,bg
5679,bg
5680,bg
5681,bg
5682,bg
5683,bg
5684,bg
5685,bg
5686,bg
5687,bg
5688,bg
5689,bg
5690,bg
5691,bg
5692,bg
5693,bg
5694,bg
5695,bg
5696,bg
5697,bg
5698,bg
5699,bg
5700,bg
5701,bg
5702,bg
5703,bg
5704,bg
5705,bg
5706,bg
5707,bg
5708,bg
5709,bg
5710,bg
5711,bg
5712,bg
5713,bg
5714,bg
5715,bg
5716,bg
5717,bg
5718,bg
5719,bg
5720,bg
5721,bg
5722,bg
5723,bg
5724,bg
5725,bg
5726,bg
5727,bg
5728,bg
5729,bg
5730,bg
5731,bg
5732,bg
5733,bg
5734,bg
5735,bg
5736,bg
5737,bg
5738,bg
5739,bg
5740,bg
5741,bg
5742,bg
5743,bg
5744,bg
5745,bg
5746,bg
5747,bg
5748,bg
5749,bg
5750,bg
5751,bg
5752,bg
5753,bg
5754,bg
5755,bg
5756,bg
5757,bg
5758,bg
5759,bg
5760,bg
5761,bg
5762,bg
5763,bg
5764,bg
5765,bg
5766,bg
5767,bg
5768,bg
5769,bg
5770,bg
5771,bg
5772,bg
5773,bg
5774,bg
5775,bg
5776,bg
5777,bg
5778,bg
5779,bg
5780,bg
5781,bg
5782,bg
5783,bg
5784,bg
5785,bg
5786,bg
5787,bg
5788,bg
5789,bg
5790,bg
5791,bg
5792,bg
5793,bg
5794,bg
5795,bg
5796,bg
5797,bg
5798,bg
5799,bg
5800,bg
5801,bg
5802,bg
5803,bg
5804,bg
5805,bg
5806,bg
5807,bg
5808,bg
5809,bg
5810,bg
5811,bg
5812,bg
5813,bg
5814,bg
5815,bg
5816,bg
5817,bg
5818,bg
5819,bg
5820,bg
5821,bg
5822,bg
5823,bg
5824,bg
5825,bg
5826,bg
5827,bg
5828,bg
5829,bg
5830,bg
5831,bg
5832,bg
5833,bg
5834,bg
5835,bg
5836,bg
5837,bg
5838,bg
5839,bg
5840,bg
5841,bg
5842,bg
5843,bg
5844,bg
5845,bg
5846,bg
5847,bg
5848,bg
5849,bg
5850,bg
5851,bg
5852,bg
5853,bg
5854,bg
5855,bg
5856,bg
5857,bg
5858,bg
5859,bg
5860,bg
5861,bg
5862,bg
5863,bg
5864,bg
5865,bg
5866,bg
5867,bg
5868,bg
5869,bg
5870,bg
5871,bg
5872,bg
5873,bg
5874,bg
5875,bg
5876,bg
5877,bg
5878,bg
5879,bg
5880,bg
5881,bg
5882,bg
5883,bg
5884,bg
5885,bg
5886,bg
5887,bg
5888,bg
5889,bg
5890,bg
5891,bg
5892,bg
5893,bg
5894,bg
5895,bg
5896,bg
5897,bg
5898,bg
5899,bg
5900,bg
5901,bg
5902,bg
5903,bg
5904,bg
5905,bg
5906,bg
5907,bg
5908,bg
5909,bg
5910,bg
5911,bg
5912,bg
5913,bg
5914,bg
5915,bg
5916,bg
5917,bg
5918,bg
5919,bg
5920,bg
5921,bg
5922,bg
5923,bg
5924,bg
5925,bg
5926,bg
5927,bg
5928,bg
5929,bg
5930,bg
5931,bg
5932,bg
5933,bg
5934,bg
5935,bg
5936,bg
5937,bg
5938,bg
5939,bg
5940,bg
5941,bg
5942,bg
5943,bg
5944,bg
5945,bg
5946,bg
5947,bg
5948,bg
5949,bg
5950,bg
5951,bg
5952,bg
5953,bg
5954,bg
5955,bg
5956,bg
5957,bg
5958,bg
5959,bg
5960,bg
5961,bg
5962,bg
5963,bg
5964,bg
5965,bg
5966,bg
5967,bg
5968,bg
5969,bg
5970,bg
5971,bg
5972,bg
5973,bg
5974,bg
5975,bg
5976,bg
5977,bg
5978,bg
5979,bg
5980,bg
5981,bg
5982,bg
5983,bg
5984,bg
5985,bg
5986,bg
5987,bg
5988,bg
5989,bg
5990,bg
5991,bg
5992,bg
5993,bg
5994,bg
5995,bg
5996,bg
5997,bg
5998,bg
5999,bg
6000,bg
6001,bg
6002,bg
6003,bg
6004,bg
6005,bg
6006,bg
6007,bg
6008,bg
6009,bg
6010,bg
6011,bg
6012,bg
6013,bg
6014,bg
6015,bg
6016,bg
6017,bg
6018,bg
6019,bg
6020,bg
6021,bg
6022,bg
6023,bg
6024,bg
6025,bg
6026,bg
6027,bg
6028,bg
6029,bg
6030,bg
6031,bg
6032,bg
6033,bg
6034,bg
6035,bg
6036,bg
6037,bg
6038,bg
6039,bg
6040,bg
6041,bg
6042,bg
6043,bg
6044,bg
6045,bg
6046,bg
6047,bg
6048,bg
6049,bg
6050,bg
6051,bg
6052,bg
6053,bg
6054,bg
6055,bg
6056,bg
6057,bg
6058,bg
6059,bg
6060,bg
6061,bg
6062,bg
6063,bg
6064,bg
6065,bg
6066,bg
6067,bg
6068,bg
6069,bg
6070,bg
6071,bg
6072,bg
6073,bg
6074,bg
6075,bg
6076,bg
6077,bg
6078,bg
6079,bg
6080,bg
6081,bg
6082,bg
6083,bg
6084,bg
6085,bg
6086,bg
6087,bg
6088,bg
6089,bg
6090,bg
6091,bg
6092,bg
6093,bg
6094,bg
6095,bg
6096,bg
6097,bg
6098,bg
6099,bg
6100,bg
6101,bg
6102,bg
6103,bg
6104,bg
6105,bg
6106,bg
6107,bg
6108,bg
6109,bg
6110,bg
6111,bg
6112,bg
6113,bg
6114,bg
6115,bg
6116,bg
6117,bg
6118,bg
6119,bg
6120,bg
6121,bg
6122,bg
6123,bg
6124,bg
6125,bg
6126,bg
6127,bg
6128,bg
6129,bg
6130,bg
6131,bg
6132,bg
6133,bg
6134,bg
6135,bg
6136,bg
6137,bg
6138,bg
6139,bg
6140,bg
6141,bg
6142,bg
6143,bg
6144,bg
6145,bg
6146,bg
6147,bg
6148,bg
6149,bg
6150,bg
6151,bg
6152,bg
6153,bg
6154,bg
6155,bg
6156,bg
6157,bg
6158,bg
6159,bg
6160,bg
6161,bg
6162,bg
6163,bg
6164,bg
6165,bg
6166,bg
6167,bg
6168,bg
6169,bg
6170,bg
6171,bg
6172,bg
6173,bg
6174,bg
6175,bg
6176,bg
6177,bg
6178,bg
6179,bg
6180,bg
6181,bg
6182,bg
6183,bg
6184,bg
6185,bg
6186,bg
6187,bg
6188,bg
6189,bg
6190,bg
6191,bg
6192,bg
6193,bg
6194,bg
6195,bg
6196,bg
6197,bg
6198,bg
6199,bg
6200,bg
6201,bg
6202,bg
6203,bg
6204,bg
6205,bg
6206,bg
6207,bg
6208,bg
6209,bg
6210,bg
6211,bg
6212,bg
6213,bg
6214,bg
6215,bg
6216,bg
6217,bg
6218,bg
6219,bg
6220,bg
6221,bg
6222,bg
6223,bg
6224,bg
6225,bg
6226,bg
6227,bg
6228,bg
6229,bg
6230,bg
6231,bg
6232,bg
6233,bg
6234,bg
6235,bg
6236,bg
6237,bg
6238,bg
6239,bg
6240,bg
6241,bg
6242,bg
6243,bg
6244,bg
6245,bg
6246,bg
6247,bg
6248,bg
6249,bg
6250,bg
6251,bg
6252,bg
6253,bg
6254,bg
6255,bg
6256,bg
6257,bg
6258,bg
6259,bg
6260,bg
6261,bg
6262,bg
6263,bg
6264,bg
6265,bg
6266,bg
6267,bg
6268,bg
6269,bg
6270,bg
6271,bg
6272,bg
6273,bg
6274,bg
6275,bg
6276,bg
6277,bg
6278,bg
6279,bg
6280,bg
6281,bg
6282,bg
6283,bg
6284,bg
6285,bg
6286,bg
6287,bg
6288,bg
6289,bg
6290,bg
6291,bg
6292,bg
6293,bg
6294,bg
6295,bg
6296,bg
6297,bg
6298,bg
6299,bg
6300,bg
6301,bg
6302,bg
6303,bg
6304,bg
6305,bg
6306,bg
6307,bg
6308,bg
6309,bg
6310,bg
6311,bg
6312,bg
6313,bg
6314,bg
6315,bg
6316,bg
6317,bg
6318,bg
6319,bg
6320,bg
6321,bg
6322,bg
6323,bg
6324,bg
6325,bg
6326,bg
6327,bg
6328,bg
6329,bg
6330,bg
6331,bg
6332,bg
6333,bg
6334,bg
6335,bg
6336,bg
6337,bg
6338,bg
6339,bg
6340,bg
6341,bg
6342,bg
6343,bg
6344,bg
6345,bg
6346,bg
6347,bg
6348,bg
6349,bg
6350,bg
6351,bg
6352,bg
6353,bg
6354,bg
6355,bg
6356,bg
6357,bg
6358,bg
6359,bg
6360,bg
6361,bg
6362,bg
6363,bg
6364,bg
6365,bg
6366,bg
6367,bg
6368,bg
6369,bg
6370,bg
6371,bg
6372,bg
6373,bg
6374,bg
6375,bg
6376,bg
6377,bg
6378,bg
6379,bg
6380,bg
6381,bg
6382,bg
6383,bg
6384,bg
6385,bg
6386,bg
6387,bg
6388,bg
6389,bg
6390,bg
6391,bg
6392,bg
6393,bg
6394,bg
6395,bg
6396,bg
6397,bg
6398,bg
6399,bg
6400,bg
6401,bg
6402,bg
6403,bg
6404,bg
6405,bg
6406,bg
6407,bg
6408,bg
6409,bg
6410,bg
6411,bg
6412,bg
6413,bg
6414,bg
6415,bg
6416,bg
6417,bg
6418,bg
6419,bg
6420,bg
6421,bg
6422,bg
6423,bg
6424,bg
6425,bg
6426,bg
6427,bg
6428,bg
6429,bg
6430,bg
6431,bg
6432,bg
6433,bg
6434,bg
6435,bg
6436,bg
6437,bg
6438,bg
6439,bg
6440,bg
6441,bg
6442,bg
6443,bg
6444,bg
6445,bg
6446,bg
6447,bg
6448,bg
6449,bg
6450,bg
6451,bg
6452,bg
6453,bg
6454,bg
6455,bg
6456,bg
6457,bg
6458,bg
6459,bg
6460,bg
6461,bg
6462,bg
6463,bg
6464,bg
6465,bg
6466,bg
6467,bg
6468,bg
6469,bg
6470,bg
6471,bg
6472,bg
6473,bg
6474,bg
6475,bg
6476,bg
6477,bg
6478,bg
6479,bg
6480,bg
6481,bg
6482,bg
6483,bg
6484,bg
6485,bg
6486,bg
6487,bg
6488,bg
6489,bg
6490,bg
6491,bg
6492,bg
6493,bg
6494,bg
6495,bg
6496,bg
6497,bg
6498,bg
6499,bg
6500,bg
6501,bg
6502,bg
6503,bg
6504,bg
6505,bg
6506,bg
6507,bg
6508,bg
6509,bg
6510,bg
6511,bg
6512,bg
6513,bg
6514,bg
6515,bg
6516,bg
6517,bg
6518,bg
6519,bg
6520,bg
6521,bg
6522,bg
6523,bg
6524,bg
6525,bg
6526,bg
6527,bg
6528,bg
6529,bg
6530,bg
6531,bg
6532,bg
6533,bg
6534,bg
6535,bg
6536,bg
6537,bg
6538,bg
6539,bg
6540,bg
6541,bg
6542,bg
6543,bg
6544,bg
6545,bg
6546,bg
6547,bg
6548,bg
6549,bg
6550,bg
6551,bg
6552,bg
6553,bg
6554,bg
6555,bg
6556,bg
6557,bg
6558,bg
6559,bg
6560,bg
6561,bg
6562,bg
6563,bg
6564,bg
6565,bg
6566,bg
6567,bg
6568,bg
6569,bg
6570,bg
6571,bg
6572,bg
6573,bg
6574,bg
6575,bg
6576,bg
6577,bg
6578,bg
6579,bg
6580,bg
6581,bg
6582,bg
6583,bg
6584,bg
6585,bg
6586,bg
6587,bg
6588,bg
6589,bg
6590,bg
6591,bg
6592,bg
6593,bg
6594,bg
6595,bg
6596,bg
6597,bg
6598,bg
6599,bg
6600,bg
6601,bg
6602,bg
6603,bg
6604,bg
6605,bg
6606,bg
6607,bg
6608,bg
6609,bg
6610,bg
6611,bg
6612,bg
6613,bg
6614,bg
6615,bg
6616,bg
6617,bg
6618,bg
6619,bg
6620,bg
6621,bg
6622,bg
6623,bg
6624,bg
6625,bg
6626,bg
6627,bg
6628,bg
6629,bg
6630,bg
6631,bg
6632,bg
6633,bg
6634,bg
6635,bg
6636,bg
6637,bg
6638,bg
6639,bg
6640,bg
6641,bg
6642,bg
6643,bg
6644,bg
6645,bg
6646,bg
6647,bg
6648,bg
6649,bg
6650,bg
6651,bg
6652,bg
6653,bg
6654,bg
6655,bg
6656,bg
6657,bg
6658,bg
6659,bg
6660,bg
6661,bg
6662,bg
6663,bg
6664,bg
6665,bg
6666,bg
6667,bg
6668,bg
6669,bg
6670,bg
6671,bg
6672,bg
6673,bg
6674,bg
6675,bg
6676,bg
6677,bg
6678,bg
6679,bg
6680,bg
6681,bg
6682,bg
6683,bg
6684,bg
6685,bg
6686,bg
6687,bg
6688,bg
6689,bg
6690,bg
6691,bg
6692,bg
6693,bg
6694,bg
6695,bg
6696,bg
6697,bg
6698,bg
6699,bg
6700,bg
6701,bg
6702,bg
6703,bg
6704,bg
6705,bg
6706,bg
6707,bg
6708,bg
6709,bg
6710,bg
6711,bg
6712,bg
6713,bg
6714,bg
6715,bg
6716,bg
6717,bg
6718,bg
6719,bg
6720,bg
6721,bg
6722,bg
6723,bg
6724,bg
6725,bg
6726,bg
6727,bg
6728,bg
6729,bg
6730,bg
6731,bg
6732,bg
6733,bg
6734,bg
6735,bg
6736,bg
6737,bg
6738,bg
6739,bg
6740,bg
6741,bg
6742,bg
6743,bg
6744,bg
6745,bg
6746,bg
6747,bg
6748,bg
6749,bg
6750,bg
6751,bg
6752,bg
6753,bg
6754,bg
6755,bg
6756,bg
6757,bg
6758,bg
6759,bg
6760,bg
6761,bg
6762,bg
6763,bg
6764,bg
6765,bg
6766,bg
6767,bg
6768,bg
6769,bg
6770,bg
6771,bg
6772,bg
6773,bg
6774,bg
6775,bg
6776,bg
6777,bg
6778,bg
6779,bg
6780,bg
6781,bg
6782,bg
6783,bg
6784,bg
6785,bg
6786,bg
6787,bg
6788,bg
6789,bg
6790,bg
6791,bg
6792,bg
6793,bg
6794,bg
6795,bg
6796,bg
6797,bg
6798,bg
6799,bg
6800,bg
6801,bg
6802,bg
6803,bg
6804,bg
6805,bg
6806,bg
6807,bg
6808,bg
6809,bg
6810,bg
6811,bg
6812,bg
6813,bg
6814,bg
6815,bg
6816,bg
6817,bg
6818,bg
6819,bg
6820,bg
6821,bg
6822,bg
6823,bg
6824,bg
6825,bg
6826,bg
6827,bg
6828,bg
6829,bg
6830,bg
6831,bg
6832,bg
6833,bg
6834,bg
6835,bg
6836,bg
6837,bg
6838,bg
6839,bg
6840,bg
6841,bg
6842,bg
6843,bg
6844,bg
6845,bg
6846,bg
6847,bg
6848,bg
6849,bg
6850,bg
6851,bg
6852,bg
6853,bg
6854,bg
6855,bg
6856,bg
6857,bg
6858,bg
6859,bg
6860,bg
6861,bg
6862,bg
6863,bg
6864,bg
6865,bg
6866,bg
6867,bg
6868,bg
6869,bg
6870,bg
6871,bg
6872,bg
6873,bg
6874,bg
6875,bg
6876,bg
6877,bg
6878,bg
6879,bg
6880,bg
6881,bg
6882,bg
6883,bg
6884,bg
6885,bg
6886,bg
6887,bg
6888,bg
6889,bg
6890,bg
6891,bg
6892,bg
6893,bg
6894,bg
6895,bg
6896,bg
6897,bg
6898,bg
6899,bg
6900,bg
6901,bg
6902,bg
6903,bg
6904,bg
6905,bg
6906,bg
6907,bg
6908,bg
6909,bg
6910,bg
6911,bg
6912,bg
6913,bg
6914,bg
6915,bg
6916,bg
6917,bg
6918,bg
6919,bg
6920,bg
6921,bg
6922,bg
6923,bg
6924,bg
6925,bg
6926,bg
6927,bg
6928,bg
6929,bg
6930,bg
6931,bg
6932,bg
6933,bg
6934,bg
6935,bg
6936,bg
6937,bg
6938,bg
6939,bg
6940,bg
6941,bg
6942,bg
6943,bg
6944,bg
6945,bg
6946,bg
6947,bg
6948,bg
6949,bg
6950,bg
6951,bg
6952,bg
6953,bg
6954,bg
6955,bg
6956,bg
6957,bg
6958,bg
6959,bg
6960,bg
6961,bg
6962,bg
6963,bg
6964,bg
6965,bg
6966,bg
6967,bg
6968,bg
6969,bg
6970,bg
6971,bg
6972,bg
6973,bg
6974,bg
6975,bg
6976,bg
6977,bg
6978,bg
6979,bg
6980,bg
6981,bg
6982,bg
6983,bg
6984,bg
6985,bg
6986,bg
6987,bg
6988,bg
6989,bg
6990,bg
6991,bg
6992,bg
6993,bg
6994,bg
6995,bg
6996,bg
6997,bg
6998,bg
6999,bg
7000,bg
7001,bg
7002,bg
7003,bg
7004,bg
7005,bg
7006,bg
7007,bg
7008,bg
7009,bg
7010,bg
7011,bg
7012,bg
7013,bg
7014,bg
7015,bg
7016,bg
7017,bg
7018,bg
7019,bg
7020,bg
7021,bg
7022,bg
7023,bg
7024,bg
7025,bg
7026,bg
7027,bg
7028,bg
7029,bg
7030,bg
7031,bg
7032,bg
7033,bg
7034,bg
7035,bg
7036,bg
7037,bg
7038,bg
7039,bg
7040,bg
7041,bg
7042,bg
7043,bg
7044,bg
7045,bg
7046,bg
7047,bg
7048,bg
7049,bg
7050,bg
7051,bg
7052,bg
7053,bg
7054,bg
7055,bg
7056,bg
7057,bg
7058,bg
7059,bg
7060,bg
7061,bg
7062,bg
7063,bg
7064,bg
7065,bg
7066,bg
7067,bg
7068,bg
7069,bg
7070,bg
7071,bg
7072,bg
7073,bg
7074,bg
7075,bg
7076,bg
7077,bg
7078,bg
7079,bg
7080,bg
7081,bg
7082,bg
7083,bg
7084,bg
7085,bg
7086,bg
7087,bg
7088,bg
7089,bg
7090,bg
7091,bg
7092,bg
7093,bg
7094,bg
7095,bg
7096,bg
7097,bg
7098,bg
7099,bg
7100,bg
7101,bg
7102,bg
7103,bg
7104,bg
7105,bg
7106,bg
7107,bg
7108,bg
7109,bg
7110,bg
7111,bg
7112,bg
7113,bg
7114,bg
7115,bg
7116,bg
7117,bg
7118,bg
7119,bg
7120,bg
7121,bg
7122,bg
7123,bg
7124,bg
7125,bg
7126,bg
7127,bg
7128,bg
7129,bg
7130,bg
7131,bg
7132,bg
7133,bg
7134,bg
7135,bg
7136,bg
7137,bg
7138,bg
7139,bg
7140,bg
7141,bg
7142,bg
7143,bg
7144,bg
7145,bg
7146,bg
7147,bg
7148,bg
7149,bg
7150,bg
7151,bg
7152,bg
7153,bg
7154,bg
7155,bg
7156,bg
7157,bg
7158,bg
7159,bg
7160,bg
7161,bg
7162,bg
7163,bg
7164,bg
7165,bg
7166,bg
7167,bg
7168,bg
7169,bg
7170,bg
7171,bg
7172,bg
7173,bg
7174,bg
7175,bg
7176,bg
7177,bg
7178,bg
7179,bg
7180,bg
7181,bg
7182,bg
7183,bg
7184,bg
7185,bg
7186,bg
7187,bg
7188,bg
7189,bg
7190,bg
7191,bg
7192,bg
7193,bg
7194,bg
7195,bg
7196,bg
7197,bg
7198,bg
7199,bg
7200,bg
7201,bg
7202,bg
7203,bg
7204,bg
7205,bg
7206,bg
7207,bg
7208,bg
7209,bg
7210,bg
7211,bg
7212,bg
7213,bg
7214,bg
7215,bg
7216,bg
7217,bg
7218,bg
7219,bg
7220,bg
7221,bg
7222,bg
7223,bg
7224,bg
7225,bg
7226,bg
7227,bg
7228,bg
7229,bg
7230,bg
7231,bg
7232,bg
7233,bg
7234,bg
7235,bg
7236,bg
7237,bg
7238,bg
7239,bg
7240,bg
7241,bg
7242,bg
7243,bg
7244,bg
7245,bg
7246,bg
7247,bg
7248,bg
7249,bg
7250,bg
7251,bg
7252,bg
7253,bg
7254,bg
7255,bg
7256,bg
7257,bg
7258,bg
7259,bg
7260,bg
7261,bg
7262,bg
7263,bg
7264,bg
7265,bg
7266,bg
7267,bg
7268,bg
7269,bg
7270,bg
7271,bg
7272,bg
7273,bg
7274,bg
7275,bg
7276,bg
7277,bg
7278,bg
7279,bg
7280,bg
7281,bg
7282,bg
7283,bg
7284,bg
7285,bg
7286,bg
7287,bg
7288,bg
7289,bg
7290,bg
7291,bg
7292,bg
7293,bg
7294,bg
7295,bg
7296,bg
7297,bg
7298,bg
7299,bg
7300,bg
7301,bg
7302,bg
7303,bg
7304,bg
7305,bg
7306,bg
7307,bg
7308,bg
7309,bg
7310,bg
7311,bg
7312,bg
7313,bg
7314,bg
7315,bg
7316,bg
7317,bg
7318,bg
7319,bg
7320,bg
7321,bg
7322,bg
7323,bg
7324,bg
7325,bg
7326,bg
7327,bg
7328,bg
7329,bg
7330,bg
7331,bg
7332,bg
7333,bg
7334,bg
7335,bg
7336,bg
7337,bg
7338,bg
7339,bg
7340,bg
7341,bg
7342,bg
7343,bg
7344,bg
7345,bg
7346,bg
7347,bg
7348,bg
7349,bg
7350,bg
7351,bg
7352,bg
7353,bg
7354,bg
7355,bg
7356,bg
7357,bg
7358,bg
7359,bg
7360,bg
7361,bg
7362,bg
7363,bg
7364,bg
7365,bg
7366,bg
7367,bg
7368,bg
7369,bg
7370,bg
7371,bg
7372,bg
7373,bg
7374,bg
7375,bg
7376,bg
7377,bg
7378,bg
7379,bg
7380,bg
7381,bg
7382,bg
7383,bg
7384,bg
7385,bg
7386,bg
7387,bg
7388,bg
7389,bg
7390,bg
7391,bg
7392,bg
7393,bg
7394,bg
7395,bg
7396,bg
7397,bg
7398,bg
7399,bg
7400,bg
7401,bg
7402,bg
7403,bg
7404,bg
7405,bg
7406,bg
7407,bg
7408,bg
7409,bg
7410,bg
7411,bg
7412,bg
7413,bg
7414,bg
7415,bg
7416,bg
7417,bg
7418,bg
7419,bg
7420,bg
7421,bg
7422,bg
7423,bg
7424,bg
7425,bg
7426,bg
7427,bg
7428,bg
7429,bg
7430,bg
7431,bg
7432,bg
7433,bg
7434,bg
7435,bg
7436,bg
7437,bg
7438,bg
7439,bg
7440,bg
7441,bg
7442,bg
7443,bg
7444,bg
7445,bg
7446,bg
7447,bg
7448,bg
7449,bg
7450,bg
7451,bg
7452,bg
7453,bg
7454,bg
7455,bg
7456,bg
7457,bg
7458,bg
7459,bg
7460,bg
7461,bg
7462,bg
7463,bg
7464,bg
7465,bg
7466,bg
7467,bg
7468,bg
7469,bg
7470,bg
7471,bg
7472,bg
7473,bg
7474,bg
7475,bg
7476,bg
7477,bg
7478,bg
7479,bg
7480,bg
7481,bg
7482,bg
7483,bg
7484,bg
7485,bg
7486,bg
7487,bg
7488,bg
7489,bg
7490,bg
7491,bg
7492,bg
7493,bg
7494,bg
7495,bg
7496,bg
7497,bg
7498,bg
7499,bg
7500,bg
7501,bg
7502,bg
7503,bg
7504,bg
7505,bg
7506,bg
7507,bg
7508,bg
7509,bg
7510,bg
7511,bg
7512,bg
7513,bg
7514,bg
7515,bg
7516,bg
7517,bg
7518,bg
7519,bg
7520,bg
7521,bg
7522,bg
7523,bg
7524,bg
7525,bg
7526,bg
7527,bg
7528,bg
7529,bg
7530,bg
7531,bg
7532,bg
7533,bg
7534,bg
7535,bg
7536,bg
7537,bg
7538,bg
7539,bg
7540,bg
7541,bg
7542,bg
7543,bg
7544,bg
7545,bg
7546,bg
7547,bg
7548,bg
7549,bg
7550,bg
7551,bg
7552,bg
7553,bg
7554,bg
7555,bg
7556,bg
7557,bg
7558,bg
7559,bg
7560,bg
7561,bg
7562,bg
7563,bg
7564,bg
7565,bg
7566,bg
7567,bg
7568,bg
7569,bg
7570,bg
7571,bg
7572,bg
7573,bg
7574,bg
7575,bg
7576,bg
7577,bg
7578,bg
7579,bg
7580,bg
7581,bg
7582,bg
7583,bg
7584,bg
7585,bg
7586,bg
7587,bg
7588,bg
7589,bg
7590,bg
7591,bg
7592,bg
7593,bg
7594,bg
7595,bg
7596,bg
7597,bg
7598,bg
7599,bg
7600,bg
7601,bg
7602,bg
7603,bg
7604,bg
7605,bg
7606,bg
7607,bg
7608,bg
7609,bg
7610,bg
7611,bg
7612,bg
7613,bg
7614,bg
7615,bg
7616,bg
7617,bg
7618,bg
7619,bg
7620,bg
7621,bg
7622,bg
7623,bg
7624,bg
7625,bg
7626,bg
7627,bg
7628,bg
7629,bg
7630,bg
7631,bg
7632,bg
7633,bg
7634,bg
7635,bg
7636,bg
7637,bg
7638,bg
7639,bg
7640,bg
7641,bg
7642,bg
7643,bg
7644,bg
7645,bg
7646,bg
7647,bg
7648,bg
7649,bg
7650,bg
7651,bg
7652,bg
7653,bg
7654,bg
7655,bg
7656,bg
7657,bg
7658,bg
7659,bg
7660,bg
7661,bg
7662,bg
7663,bg
7664,bg
7665,bg
7666,bg
7667,bg
7668,bg
7669,bg
7670,bg
7671,bg
7672,bg
7673,bg
7674,bg
7675,bg
7676,bg
7677,bg
7678,bg
7679,bg
7680,bg
7681,bg
7682,bg
7683,bg
7684,bg
7685,bg
7686,bg
7687,bg
7688,bg
7689,bg
7690,bg
7691,bg
7692,bg
7693,bg
7694,bg
7695,bg
7696,bg
7697,bg
7698,bg
7699,bg
7700,bg
7701,bg
7702,bg
7703,bg
7704,bg
7705,bg
7706,bg
7707,bg
7708,bg
7709,bg
7710,bg
7711,bg
7712,bg
7713,bg
7714,bg
7715,bg
7716,bg
7717,bg
7718,bg
7719,bg
7720,bg
7721,bg
7722,bg
7723,bg
7724,bg
7725,bg
7726,bg
7727,bg
7728,bg
7729,bg
7730,bg
7731,bg
7732,bg
7733,bg
7734,bg
7735,bg
7736,bg
7737,bg
7738,bg
7739,bg
7740,bg
7741,bg
7742,bg
7743,bg
7744,bg
7745,bg
7746,bg
7747,bg
7748,bg
7749,bg
7750,bg
7751,bg
7752,bg
7753,bg
7754,bg
7755,bg
7756,bg
7757,bg
7758,bg
7759,bg
7760,bg
7761,bg
7762,bg
7763,bg
7764,bg
7765,bg
7766,bg
7767,bg
7768,bg
7769,bg
7770,bg
7771,bg
7772,bg
7773,bg
7774,bg
7775,bg
7776,bg
7777,bg
7778,bg
7779,bg
7780,bg
7781,bg
7782,bg
7783,bg
7784,bg
7785,bg
7786,bg
7787,bg
7788,bg
7789,bg
7790,bg
7791,bg
7792,bg
7793,bg
7794,bg
7795,bg
7796,bg
7797,bg
7798,bg
7799,bg
7800,bg
7801,bg
7802,bg
7803,bg
7804,bg
7805,bg
7806,bg
7807,bg
7808,bg
7809,bg
7810,bg
7811,bg
7812,bg
7813,bg
7814,bg
7815,bg
7816,bg
7817,bg
7818,bg
7819,bg
7820,bg
7821,bg
7822,bg
7823,bg
7824,bg
7825,bg
7826,bg
7827,bg
7828,bg
7829,bg
7830,bg
7831,bg
7832,bg
7833,bg
7834,bg
7835,bg
7836,bg
7837,bg
7838,bg
7839,bg
7840,bg
7841,bg
7842,bg
7843,bg
7844,bg
7845,bg
7846,bg
7847,bg
7848,bg
7849,bg
7850,bg
7851,bg
7852,bg
7853,bg
7854,bg
7855,bg
7856,bg
7857,bg
7858,bg
7859,bg
7860,bg
7861,bg
7862,bg
7863,bg
7864,bg
7865,bg
7866,bg
7867,bg
7868,bg
7869,bg
7870,bg
7871,bg
7872,bg
7873,bg
7874,bg
7875,bg
7876,bg
7877,bg
7878,bg
7879,bg
7880,bg
7881,bg
7882,bg
7883,bg
7884,bg
7885,bg
7886,bg
7887,bg
7888,bg
7889,bg
7890,bg
7891,bg
7892,bg
7893,bg
7894,bg
7895,bg
7896,bg
7897,bg
7898,bg
7899,bg
7900,bg
7901,bg
7902,bg
7903,bg
7904,bg
7905,bg
7906,bg
7907,bg
7908,bg
7909,bg
7910,bg
7911,bg
7912,bg
7913,bg
7914,bg
7915,bg
7916,bg
7917,bg
7918,bg
7919,bg
7920,bg
7921,bg
7922,bg
7923,bg
7924,bg
7925,bg
7926,bg
7927,bg
7928,bg
7929,bg
7930,bg
7931,bg
7932,bg
7933,bg
7934,bg
7935,bg
7936,bg
7937,bg
7938,bg
7939,bg
7940,bg
7941,bg
7942,bg
7943,bg
7944,bg
7945,bg
7946,bg
7947,bg
7948,bg
7949,bg
7950,bg
7951,bg
7952,bg
7953,bg
7954,bg
7955,bg
7956,bg
7957,bg
7958,bg
7959,bg
7960,bg
7961,bg
7962,bg
7963,bg
7964,bg
7965,bg
7966,bg
7967,bg
7968,bg
7969,bg
7970,bg
7971,bg
7972,bg
7973,bg
7974,bg
7975,bg
7976,bg
7977,bg
7978,bg
7979,bg
7980,bg
7981,bg
7982,bg
7983,bg
7984,bg
7985,bg
7986,bg
7987,bg
7988,bg
7989,bg
7990,bg
7991,bg
7992,bg
7993,bg
7994,bg
7995,bg
7996,bg
7997,bg
7998,bg
7999,bg
8000,bg
8001,bg
8002,bg
8003,bg
8004,bg
8005,bg
8006,bg
8007,bg
8008,bg
8009,bg
8010,bg
8011,bg
8012,bg
8013,bg
8014,bg
8015,bg
8016,bg
8017,bg
8018,bg
8019,bg
8020,bg
8021,bg
8022,bg
8023,bg
8024,bg
8025,bg
8026,bg
8027,bg
8028,bg
8029,bg
8030,bg
8031,bg
8032,bg
8033,bg
8034,bg
8035,bg
8036,bg
8037,bg
8038,bg
8039,bg
8040,bg
8041,bg
8042,bg
8043,bg
8044,bg
8045,bg
8046,bg
8047,bg
8048,bg
8049,bg
8050,bg
8051,bg
8052,bg
8053,bg
8054,bg
8055,bg
8056,bg
8057,bg
8058,bg
8059,bg
8060,bg
8061,bg
8062,bg
8063,bg
8064,bg
8065,bg
8066,bg
8067,bg
8068,bg
8069,bg
8070,bg
8071,bg
8072,bg
8073,bg
8074,bg
8075,bg
8076,bg
8077,bg
8078,bg
8079,bg
8080,bg
8081,bg
8082,bg
8083,bg
8084,bg
8085,bg
8086,bg
8087,bg
8088,bg
8089,bg
8090,bg
8091,bg
8092,bg
8093,bg
8094,bg
8095,bg
8096,bg
8097,bg
8098,bg
8099,bg
8100,bg
8101,bg
8102,bg
8103,bg
8104,bg
8105,bg
8106,bg
8107,bg
8108,bg
8109,bg
8110,bg
8111,bg
8112,bg
8113,bg
8114,bg
8115,bg
8116,bg
8117,bg
8118,bg
8119,bg
8120,bg
8121,bg
8122,bg
8123,bg
8124,bg
8125,bg
8126,bg
8127,bg
8128,bg
8129,bg
8130,bg
8131,bg
8132,bg
8133,bg
8134,bg
8135,bg
8136,bg
8137,bg
8138,bg
8139,bg
8140,bg
8141,bg
8142,bg
8143,bg
8144,bg
8145,bg
8146,bg
8147,bg
8148,bg
8149,bg
8150,bg
8151,bg
8152,bg
8153,bg
8154,bg
8155,bg
8156,bg
8157,bg
8158,bg
8159,bg
8160,bg
8161,bg
8162,bg
8163,bg
8164,bg
8165,bg
8166,bg
8167,bg
8168,bg
8169,bg
8170,bg
8171,bg
8172,bg
8173,bg
8174,bg
8175,bg
8176,bg
8177,bg
8178,bg
8179,bg
8180,bg
8181,bg
8182,bg
8183,bg
8184,bg
8185,bg
8186,bg
8187,bg
8188,bg
8189,bg
8190,bg
8191,bg
8192,bg
8193,bg
8194,bg
8195,bg
8196,bg
8197,bg
8198,bg
8199,bg
8200,bg
8201,bg
8202,bg
8203,bg
8204,bg
8205,bg
8206,bg
8207,bg
8208,bg
8209,bg
8210,bg
8211,bg
8212,bg
8213,bg
8214,bg
8215,bg
8216,bg
8217,bg
8218,bg
8219,bg
8220,bg
8221,bg
8222,bg
8223,bg
8224,bg
8225,bg
8226,bg
8227,bg
8228,bg
8229,bg
8230,bg
8231,bg
8232,bg
8233,bg
8234,bg
8235,bg
8236,bg
8237,bg
8238,bg
8239,bg
8240,bg
8241,bg
8242,bg
8243,bg
8244,bg
8245,bg
8246,bg
8247,bg
8248,bg
8249,bg
8250,bg
8251,bg
8252,bg
8253,bg
8254,bg
8255,bg
8256,bg
8257,bg
8258,bg
8259,bg
8260,bg
8261,bg
8262,bg
8263,bg
8264,bg
8265,bg
8266,bg
8267,bg
8268,bg
8269,bg
8270,bg
8271,bg
8272,bg
8273,bg
8274,bg
8275,bg
8276,bg
8277,bg
8278,bg
8279,bg
8280,bg
8281,bg
8282,bg
8283,bg
8284,bg
8285,bg
8286,bg
8287,bg
8288,bg
8289,bg
8290,bg
8291,bg
8292,bg
8293,bg
8294,bg
8295,bg
8296,bg
8297,bg
8298,bg
8299,bg
8300,bg
8301,bg
8302,bg
8303,bg
8304,bg
8305,bg
8306,bg
8307,bg
8308,bg
8309,bg
8310,bg
8311,bg
8312,bg
8313,bg
8314,bg
8315,bg
8316,bg
8317,bg
8318,bg
8319,bg
8320,bg
8321,bg
8322,bg
8323,bg
8324,bg
8325,bg
8326,bg
8327,bg
8328,bg
8329,bg
8330,bg
8331,bg
8332,bg
8333,bg
8334,bg
8335,bg
8336,bg
8337,bg
8338,bg
8339,bg
8340,bg
8341,bg
8342,bg
8343,bg
8344,bg
8345,bg
8346,bg
8347,bg
8348,bg
8349,bg
8350,bg
8351,bg
8352,bg
8353,bg
8354,bg
8355,bg
8356,bg
8357,bg
8358,bg
8359,bg
8360,bg
8361,bg
8362,bg
8363,bg
8364,bg
8365,bg
8366,bg
8367,bg
8368,bg
8369,bg
8370,bg
8371,bg
8372,bg
8373,bg
8374,bg
8375,bg
8376,bg
8377,bg
8378,bg
8379,bg
8380,bg
8381,bg
8382,bg
8383,bg
8384,bg
8385,bg
8386,bg
8387,bg
8388,bg
8389,bg
8390,bg
8391,bg
8392,bg
8393,bg
8394,bg
8395,bg
8396,bg
8397,bg
8398,bg
8399,bg
8400,bg
8401,bg
8402,bg
8403,bg
8404,bg
8405,bg
8406,bg
8407,bg
8408,bg
8409,bg
8410,bg
8411,bg
8412,bg
8413,bg
8414,bg
8415,bg
8416,bg
8417,bg
8418,bg
8419,bg
8420,bg
8421,bg
8422,bg
8423,bg
8424,bg
8425,bg
8426,bg
8427,bg
8428,bg
8429,bg
8430,bg
8431,bg
8432,bg
8433,bg
8434,bg
8435,bg
8436,bg
8437,bg
8438,bg
8439,bg
8440,bg
8441,bg
8442,bg
8443,bg
8444,bg
8445,bg
8446,bg
8447,bg
8448,bg
8449,bg
8450,bg
8451,bg
8452,bg
8453,bg
8454,bg
8455,bg
8456,bg
8457,bg
8458,bg
8459,bg
8460,bg
8461,bg
8462,bg
8463,bg
8464,bg
8465,bg
8466,bg
8467,bg
8468,bg
8469,bg
8470,bg
8471,bg
8472,bg
8473,bg
8474,bg
8475,bg
8476,bg
8477,bg
8478,bg
8479,bg
8480,bg
8481,bg
8482,bg
8483,bg
8484,bg
8485,bg
8486,bg
8487,bg
8488,bg
8489,bg
8490,bg
8491,bg
8492,bg
8493,bg
8494,bg
8495,bg
8496,bg
8497,bg
8498,bg
8499,bg
8500,bg
8501,bg
8502,bg
8503,bg
8504,bg
8505,bg
8506,bg
8507,bg
8508,bg
8509,bg
8510,bg
8511,bg
8512,bg
8513,bg
8514,bg
8515,bg
8516,bg
8517,bg
8518,bg
8519,bg
